id,project_id,repository_id,repository_url,project_url,file_name,file_type,status
1,1,11,https://www.fsd.tuni.fi/en,https://services.fsd.tuni.fi/catalogue/FSD4042,<files_not_downloaded>,unknown,FAILED_LOGIN_REQUIRED
2,2,11,https://www.fsd.tuni.fi/en,https://services.fsd.tuni.fi/catalogue/FSD3934,<files_not_downloaded>,unknown,FAILED_LOGIN_REQUIRED
3,3,11,https://www.fsd.tuni.fi/en,https://services.fsd.tuni.fi/catalogue/FSD3992,<files_not_downloaded>,unknown,FAILED_LOGIN_REQUIRED
4,4,11,https://www.fsd.tuni.fi/en,https://services.fsd.tuni.fi/catalogue/FSD3990,<files_not_downloaded>,unknown,FAILED_LOGIN_REQUIRED
5,5,11,https://www.fsd.tuni.fi/en,https://services.fsd.tuni.fi/catalogue/FSD3605,<files_not_downloaded>,unknown,FAILED_LOGIN_REQUIRED
6,6,11,https://www.fsd.tuni.fi/en,https://services.fsd.tuni.fi/catalogue/FSD3604,<files_not_downloaded>,unknown,FAILED_LOGIN_REQUIRED
7,7,11,https://www.fsd.tuni.fi/en,https://services.fsd.tuni.fi/catalogue/FSD3647,<files_not_downloaded>,unknown,FAILED_LOGIN_REQUIRED
8,8,11,https://www.fsd.tuni.fi/en,https://services.fsd.tuni.fi/catalogue/FSD3534,<files_not_downloaded>,unknown,FAILED_LOGIN_REQUIRED
9,9,11,https://www.fsd.tuni.fi/en,https://services.fsd.tuni.fi/catalogue/FSD3425,<files_not_downloaded>,unknown,FAILED_LOGIN_REQUIRED
10,10,11,https://www.fsd.tuni.fi/en,https://services.fsd.tuni.fi/catalogue/FSD3786,<files_not_downloaded>,unknown,FAILED_LOGIN_REQUIRED
11,11,11,https://www.fsd.tuni.fi/en,https://services.fsd.tuni.fi/catalogue/FSD3609,<files_not_downloaded>,unknown,FAILED_LOGIN_REQUIRED
12,12,11,https://www.fsd.tuni.fi/en,https://services.fsd.tuni.fi/catalogue/FSD3535,<files_not_downloaded>,unknown,FAILED_LOGIN_REQUIRED
13,13,11,https://www.fsd.tuni.fi/en,https://services.fsd.tuni.fi/catalogue/FSD3129,<files_not_downloaded>,unknown,FAILED_LOGIN_REQUIRED
14,14,11,https://www.fsd.tuni.fi/en,https://services.fsd.tuni.fi/catalogue/FSD3955,<files_not_downloaded>,unknown,FAILED_LOGIN_REQUIRED
15,15,11,https://www.fsd.tuni.fi/en,https://services.fsd.tuni.fi/catalogue/FSD3203,<files_not_downloaded>,unknown,FAILED_LOGIN_REQUIRED
16,16,11,https://www.fsd.tuni.fi/en,https://services.fsd.tuni.fi/catalogue/FSD2957,<files_not_downloaded>,unknown,FAILED_LOGIN_REQUIRED
17,17,11,https://www.fsd.tuni.fi/en,https://services.fsd.tuni.fi/catalogue/FSD2867,<files_not_downloaded>,unknown,FAILED_LOGIN_REQUIRED
18,18,11,https://www.fsd.tuni.fi/en,https://services.fsd.tuni.fi/catalogue/FSD3504,<files_not_downloaded>,unknown,FAILED_LOGIN_REQUIRED
19,19,11,https://www.fsd.tuni.fi/en,https://services.fsd.tuni.fi/catalogue/FSD3807,<files_not_downloaded>,unknown,FAILED_LOGIN_REQUIRED
20,20,11,https://www.fsd.tuni.fi/en,https://services.fsd.tuni.fi/catalogue/FSD3618,<files_not_downloaded>,unknown,FAILED_LOGIN_REQUIRED
21,21,11,https://www.fsd.tuni.fi/en,https://services.fsd.tuni.fi/catalogue/FSD3138,<files_not_downloaded>,unknown,FAILED_LOGIN_REQUIRED
22,22,11,https://www.fsd.tuni.fi/en,https://services.fsd.tuni.fi/catalogue/FSD3966,<files_not_downloaded>,unknown,FAILED_LOGIN_REQUIRED
23,23,11,https://www.fsd.tuni.fi/en,https://services.fsd.tuni.fi/catalogue/FSD3868,<files_not_downloaded>,unknown,FAILED_LOGIN_REQUIRED
24,24,11,https://www.fsd.tuni.fi/en,https://services.fsd.tuni.fi/catalogue/FSD3753,<files_not_downloaded>,unknown,FAILED_LOGIN_REQUIRED
25,25,11,https://www.fsd.tuni.fi/en,https://services.fsd.tuni.fi/catalogue/FSD3772,<files_not_downloaded>,unknown,FAILED_LOGIN_REQUIRED
26,26,11,https://www.fsd.tuni.fi/en,https://services.fsd.tuni.fi/catalogue/FSD3521,<files_not_downloaded>,unknown,FAILED_LOGIN_REQUIRED
27,27,11,https://www.fsd.tuni.fi/en,https://services.fsd.tuni.fi/catalogue/FSD3862,<files_not_downloaded>,unknown,FAILED_LOGIN_REQUIRED
28,28,11,https://www.fsd.tuni.fi/en,https://services.fsd.tuni.fi/catalogue/FSD3652,<files_not_downloaded>,unknown,FAILED_LOGIN_REQUIRED
29,29,11,https://www.fsd.tuni.fi/en,https://services.fsd.tuni.fi/catalogue/FSD3346,<files_not_downloaded>,unknown,FAILED_LOGIN_REQUIRED
30,30,11,https://www.fsd.tuni.fi/en,https://services.fsd.tuni.fi/catalogue/FSD2956,<files_not_downloaded>,unknown,FAILED_LOGIN_REQUIRED
31,31,11,https://www.fsd.tuni.fi/en,https://services.fsd.tuni.fi/catalogue/FSD3842,<files_not_downloaded>,unknown,FAILED_LOGIN_REQUIRED
32,32,11,https://www.fsd.tuni.fi/en,https://services.fsd.tuni.fi/catalogue/FSD2076,<files_not_downloaded>,unknown,FAILED_LOGIN_REQUIRED
33,33,11,https://www.fsd.tuni.fi/en,https://services.fsd.tuni.fi/catalogue/FSD1129,<files_not_downloaded>,unknown,FAILED_LOGIN_REQUIRED
34,34,11,https://www.fsd.tuni.fi/en,https://services.fsd.tuni.fi/catalogue/FSD2741,<files_not_downloaded>,unknown,FAILED_LOGIN_REQUIRED
35,35,11,https://www.fsd.tuni.fi/en,https://services.fsd.tuni.fi/catalogue/FSD1285,<files_not_downloaded>,unknown,FAILED_LOGIN_REQUIRED
36,36,11,https://www.fsd.tuni.fi/en,https://services.fsd.tuni.fi/catalogue/FSD2109,<files_not_downloaded>,unknown,FAILED_LOGIN_REQUIRED
37,37,11,https://www.fsd.tuni.fi/en,https://services.fsd.tuni.fi/catalogue/FSD3583,<files_not_downloaded>,unknown,FAILED_LOGIN_REQUIRED
38,38,11,https://www.fsd.tuni.fi/en,https://services.fsd.tuni.fi/catalogue/FSD2309,<files_not_downloaded>,unknown,FAILED_LOGIN_REQUIRED
39,39,11,https://www.fsd.tuni.fi/en,https://services.fsd.tuni.fi/catalogue/FSD3128,<files_not_downloaded>,unknown,FAILED_LOGIN_REQUIRED
40,40,11,https://www.fsd.tuni.fi/en,https://services.fsd.tuni.fi/catalogue/FSD3672,<files_not_downloaded>,unknown,FAILED_LOGIN_REQUIRED
41,41,11,https://www.fsd.tuni.fi/en,https://services.fsd.tuni.fi/catalogue/FSD3847,FSD3847.zip,zip,FAILED_LOGIN_REQUIRED
42,42,11,https://www.fsd.tuni.fi/en,https://services.fsd.tuni.fi/catalogue/FSD3044,<files_not_downloaded>,unknown,FAILED_LOGIN_REQUIRED
43,43,11,https://www.fsd.tuni.fi/en,https://services.fsd.tuni.fi/catalogue/FSD2864,<files_not_downloaded>,unknown,FAILED_LOGIN_REQUIRED
44,44,11,https://www.fsd.tuni.fi/en,https://services.fsd.tuni.fi/catalogue/FSD1002,<files_not_downloaded>,unknown,FAILED_LOGIN_REQUIRED
45,45,11,https://www.fsd.tuni.fi/en,https://services.fsd.tuni.fi/catalogue/FSD3585,<files_not_downloaded>,unknown,FAILED_LOGIN_REQUIRED
46,46,11,https://www.fsd.tuni.fi/en,https://services.fsd.tuni.fi/catalogue/FSD2750,<files_not_downloaded>,unknown,FAILED_LOGIN_REQUIRED
47,47,11,https://www.fsd.tuni.fi/en,https://services.fsd.tuni.fi/catalogue/FSD3845,<files_not_downloaded>,unknown,FAILED_LOGIN_REQUIRED
48,48,11,https://www.fsd.tuni.fi/en,https://services.fsd.tuni.fi/catalogue/FSD3300,<files_not_downloaded>,unknown,FAILED_LOGIN_REQUIRED
49,49,11,https://www.fsd.tuni.fi/en,https://services.fsd.tuni.fi/catalogue/FSD3572,<files_not_downloaded>,unknown,FAILED_LOGIN_REQUIRED
50,50,11,https://www.fsd.tuni.fi/en,https://services.fsd.tuni.fi/catalogue/FSD2202,<files_not_downloaded>,unknown,FAILED_LOGIN_REQUIRED
51,51,11,https://www.fsd.tuni.fi/en,https://services.fsd.tuni.fi/catalogue/FSD2383,<files_not_downloaded>,unknown,FAILED_LOGIN_REQUIRED
52,52,11,https://www.fsd.tuni.fi/en,https://services.fsd.tuni.fi/catalogue/FSD2120,<files_not_downloaded>,unknown,FAILED_LOGIN_REQUIRED
53,53,11,https://www.fsd.tuni.fi/en,https://services.fsd.tuni.fi/catalogue/FSD3733,<files_not_downloaded>,unknown,FAILED_LOGIN_REQUIRED
54,54,11,https://www.fsd.tuni.fi/en,https://services.fsd.tuni.fi/catalogue/FSD4014,<files_not_downloaded>,unknown,FAILED_LOGIN_REQUIRED
55,55,11,https://www.fsd.tuni.fi/en,https://services.fsd.tuni.fi/catalogue/FSD3836,<files_not_downloaded>,unknown,FAILED_LOGIN_REQUIRED
56,56,11,https://www.fsd.tuni.fi/en,https://services.fsd.tuni.fi/catalogue/FSD3258,<files_not_downloaded>,unknown,FAILED_LOGIN_REQUIRED
57,57,11,https://www.fsd.tuni.fi/en,https://services.fsd.tuni.fi/catalogue/FSD2033,<files_not_downloaded>,unknown,FAILED_LOGIN_REQUIRED
58,58,11,https://www.fsd.tuni.fi/en,https://services.fsd.tuni.fi/catalogue/FSD3022,<files_not_downloaded>,unknown,FAILED_LOGIN_REQUIRED
59,59,11,https://www.fsd.tuni.fi/en,https://services.fsd.tuni.fi/catalogue/FSD3314,<files_not_downloaded>,unknown,FAILED_LOGIN_REQUIRED
60,60,11,https://www.fsd.tuni.fi/en,https://services.fsd.tuni.fi/catalogue/FSD2381,<files_not_downloaded>,unknown,FAILED_LOGIN_REQUIRED
61,61,11,https://www.fsd.tuni.fi/en,https://services.fsd.tuni.fi/catalogue/FSD2317,<files_not_downloaded>,unknown,FAILED_LOGIN_REQUIRED
62,62,11,https://www.fsd.tuni.fi/en,https://services.fsd.tuni.fi/catalogue/FSD2688,<files_not_downloaded>,unknown,FAILED_LOGIN_REQUIRED
63,63,11,https://www.fsd.tuni.fi/en,https://services.fsd.tuni.fi/catalogue/FSD3549,<files_not_downloaded>,unknown,FAILED_LOGIN_REQUIRED
64,64,11,https://www.fsd.tuni.fi/en,https://services.fsd.tuni.fi/catalogue/FSD3414,<files_not_downloaded>,unknown,FAILED_LOGIN_REQUIRED
65,65,11,https://www.fsd.tuni.fi/en,https://services.fsd.tuni.fi/catalogue/FSD2568,<files_not_downloaded>,unknown,FAILED_LOGIN_REQUIRED
66,66,11,https://www.fsd.tuni.fi/en,https://services.fsd.tuni.fi/catalogue/FSD2382,<files_not_downloaded>,unknown,FAILED_LOGIN_REQUIRED
67,67,11,https://www.fsd.tuni.fi/en,https://services.fsd.tuni.fi/catalogue/FSD3400,<files_not_downloaded>,unknown,FAILED_LOGIN_REQUIRED
68,68,11,https://www.fsd.tuni.fi/en,https://services.fsd.tuni.fi/catalogue/FSD2461,<files_not_downloaded>,unknown,FAILED_LOGIN_REQUIRED
69,69,11,https://www.fsd.tuni.fi/en,https://services.fsd.tuni.fi/catalogue/FSD2549,<files_not_downloaded>,unknown,FAILED_LOGIN_REQUIRED
70,70,11,https://www.fsd.tuni.fi/en,https://services.fsd.tuni.fi/catalogue/FSD2641,<files_not_downloaded>,unknown,FAILED_LOGIN_REQUIRED
71,71,11,https://www.fsd.tuni.fi/en,https://services.fsd.tuni.fi/catalogue/FSD2247,<files_not_downloaded>,unknown,FAILED_LOGIN_REQUIRED
72,72,11,https://www.fsd.tuni.fi/en,https://services.fsd.tuni.fi/catalogue/FSD3169,<files_not_downloaded>,unknown,FAILED_LOGIN_REQUIRED
73,73,11,https://www.fsd.tuni.fi/en,https://services.fsd.tuni.fi/catalogue/FSD1118,<files_not_downloaded>,unknown,FAILED_LOGIN_REQUIRED
74,74,11,https://www.fsd.tuni.fi/en,https://services.fsd.tuni.fi/catalogue/FSD3589,<files_not_downloaded>,unknown,FAILED_LOGIN_REQUIRED
75,75,11,https://www.fsd.tuni.fi/en,https://services.fsd.tuni.fi/catalogue/FSD3311,<files_not_downloaded>,unknown,FAILED_LOGIN_REQUIRED
76,76,11,https://www.fsd.tuni.fi/en,https://services.fsd.tuni.fi/catalogue/FSD1089,<files_not_downloaded>,unknown,FAILED_LOGIN_REQUIRED
77,77,11,https://www.fsd.tuni.fi/en,https://services.fsd.tuni.fi/catalogue/FSD2195,<files_not_downloaded>,unknown,FAILED_LOGIN_REQUIRED
78,78,11,https://www.fsd.tuni.fi/en,https://services.fsd.tuni.fi/catalogue/FSD3823,<files_not_downloaded>,unknown,FAILED_LOGIN_REQUIRED
79,79,11,https://www.fsd.tuni.fi/en,https://services.fsd.tuni.fi/catalogue/FSD2539,<files_not_downloaded>,unknown,FAILED_LOGIN_REQUIRED
80,80,11,https://www.fsd.tuni.fi/en,https://services.fsd.tuni.fi/catalogue/FSD3309,<files_not_downloaded>,unknown,FAILED_LOGIN_REQUIRED
81,81,11,https://www.fsd.tuni.fi/en,https://services.fsd.tuni.fi/catalogue/FSD3207,<files_not_downloaded>,unknown,FAILED_LOGIN_REQUIRED
82,82,11,https://www.fsd.tuni.fi/en,https://services.fsd.tuni.fi/catalogue/FSD2379,<files_not_downloaded>,unknown,FAILED_LOGIN_REQUIRED
83,83,11,https://www.fsd.tuni.fi/en,https://services.fsd.tuni.fi/catalogue/FSD3573,<files_not_downloaded>,unknown,FAILED_LOGIN_REQUIRED
84,84,11,https://www.fsd.tuni.fi/en,https://services.fsd.tuni.fi/catalogue/FSD1296,<files_not_downloaded>,unknown,FAILED_LOGIN_REQUIRED
85,85,11,https://www.fsd.tuni.fi/en,https://services.fsd.tuni.fi/catalogue/FSD2073,<files_not_downloaded>,unknown,FAILED_LOGIN_REQUIRED
86,86,11,https://www.fsd.tuni.fi/en,https://services.fsd.tuni.fi/catalogue/FSD2545,<files_not_downloaded>,unknown,FAILED_LOGIN_REQUIRED
87,87,11,https://www.fsd.tuni.fi/en,https://services.fsd.tuni.fi/catalogue/FSD3125,<files_not_downloaded>,unknown,FAILED_LOGIN_REQUIRED
88,88,11,https://www.fsd.tuni.fi/en,https://services.fsd.tuni.fi/catalogue/FSD2694,<files_not_downloaded>,unknown,FAILED_LOGIN_REQUIRED
89,89,11,https://www.fsd.tuni.fi/en,https://services.fsd.tuni.fi/catalogue/FSD2002,<files_not_downloaded>,unknown,FAILED_LOGIN_REQUIRED
90,90,11,https://www.fsd.tuni.fi/en,https://services.fsd.tuni.fi/catalogue/FSD1016,<files_not_downloaded>,unknown,FAILED_LOGIN_REQUIRED
91,91,11,https://www.fsd.tuni.fi/en,https://services.fsd.tuni.fi/catalogue/FSD2114,<files_not_downloaded>,unknown,FAILED_LOGIN_REQUIRED
92,92,11,https://www.fsd.tuni.fi/en,https://services.fsd.tuni.fi/catalogue/FSD3147,<files_not_downloaded>,unknown,FAILED_LOGIN_REQUIRED
93,93,11,https://www.fsd.tuni.fi/en,https://services.fsd.tuni.fi/catalogue/FSD3339,<files_not_downloaded>,unknown,FAILED_LOGIN_REQUIRED
94,94,11,https://www.fsd.tuni.fi/en,https://services.fsd.tuni.fi/catalogue/FSD2854,<files_not_downloaded>,unknown,FAILED_LOGIN_REQUIRED
95,95,11,https://www.fsd.tuni.fi/en,https://services.fsd.tuni.fi/catalogue/FSD2818,<files_not_downloaded>,unknown,FAILED_LOGIN_REQUIRED
96,96,11,https://www.fsd.tuni.fi/en,https://services.fsd.tuni.fi/catalogue/FSD2355,<files_not_downloaded>,unknown,FAILED_LOGIN_REQUIRED
97,97,11,https://www.fsd.tuni.fi/en,https://services.fsd.tuni.fi/catalogue/FSD3880,<files_not_downloaded>,unknown,FAILED_LOGIN_REQUIRED
98,98,11,https://www.fsd.tuni.fi/en,https://services.fsd.tuni.fi/catalogue/FSD2593,<files_not_downloaded>,unknown,FAILED_LOGIN_REQUIRED
99,99,11,https://www.fsd.tuni.fi/en,https://services.fsd.tuni.fi/catalogue/FSD2757,<files_not_downloaded>,unknown,FAILED_LOGIN_REQUIRED
100,100,11,https://www.fsd.tuni.fi/en,https://services.fsd.tuni.fi/catalogue/FSD3405,<files_not_downloaded>,unknown,FAILED_LOGIN_REQUIRED
101,101,11,https://www.fsd.tuni.fi/en,https://services.fsd.tuni.fi/catalogue/FSD2707,<files_not_downloaded>,unknown,FAILED_LOGIN_REQUIRED
102,102,11,https://www.fsd.tuni.fi/en,https://services.fsd.tuni.fi/catalogue/FSD3402,<files_not_downloaded>,unknown,FAILED_LOGIN_REQUIRED
103,103,11,https://www.fsd.tuni.fi/en,https://services.fsd.tuni.fi/catalogue/FSD2689,<files_not_downloaded>,unknown,FAILED_LOGIN_REQUIRED
104,104,11,https://www.fsd.tuni.fi/en,https://services.fsd.tuni.fi/catalogue/FSD2170,<files_not_downloaded>,unknown,FAILED_LOGIN_REQUIRED
105,105,11,https://www.fsd.tuni.fi/en,https://services.fsd.tuni.fi/catalogue/FSD2727,<files_not_downloaded>,unknown,FAILED_LOGIN_REQUIRED
106,106,11,https://www.fsd.tuni.fi/en,https://services.fsd.tuni.fi/catalogue/FSD3563,<files_not_downloaded>,unknown,FAILED_LOGIN_REQUIRED
107,107,11,https://www.fsd.tuni.fi/en,https://services.fsd.tuni.fi/catalogue/FSD3356,<files_not_downloaded>,unknown,FAILED_LOGIN_REQUIRED
108,108,11,https://www.fsd.tuni.fi/en,https://services.fsd.tuni.fi/catalogue/FSD2405,<files_not_downloaded>,unknown,FAILED_LOGIN_REQUIRED
109,109,11,https://www.fsd.tuni.fi/en,https://services.fsd.tuni.fi/catalogue/FSD2016,<files_not_downloaded>,unknown,FAILED_LOGIN_REQUIRED
110,110,11,https://www.fsd.tuni.fi/en,https://services.fsd.tuni.fi/catalogue/FSD1013,<files_not_downloaded>,unknown,FAILED_LOGIN_REQUIRED
111,111,11,https://www.fsd.tuni.fi/en,https://services.fsd.tuni.fi/catalogue/FSD3094,<files_not_downloaded>,unknown,FAILED_LOGIN_REQUIRED
112,112,11,https://www.fsd.tuni.fi/en,https://services.fsd.tuni.fi/catalogue/FSD2740,<files_not_downloaded>,unknown,FAILED_LOGIN_REQUIRED
113,113,11,https://www.fsd.tuni.fi/en,https://services.fsd.tuni.fi/catalogue/FSD3799,<files_not_downloaded>,unknown,FAILED_LOGIN_REQUIRED
114,114,11,https://www.fsd.tuni.fi/en,https://services.fsd.tuni.fi/catalogue/FSD2766,<files_not_downloaded>,unknown,FAILED_LOGIN_REQUIRED
115,115,11,https://www.fsd.tuni.fi/en,https://services.fsd.tuni.fi/catalogue/FSD3479,<files_not_downloaded>,unknown,FAILED_LOGIN_REQUIRED
116,116,11,https://www.fsd.tuni.fi/en,https://services.fsd.tuni.fi/catalogue/FSD1260,<files_not_downloaded>,unknown,FAILED_LOGIN_REQUIRED
117,117,11,https://www.fsd.tuni.fi/en,https://services.fsd.tuni.fi/catalogue/FSD2005,<files_not_downloaded>,unknown,FAILED_LOGIN_REQUIRED
118,118,11,https://www.fsd.tuni.fi/en,https://services.fsd.tuni.fi/catalogue/FSD2075,<files_not_downloaded>,unknown,FAILED_LOGIN_REQUIRED
119,119,11,https://www.fsd.tuni.fi/en,https://services.fsd.tuni.fi/catalogue/FSD3816,<files_not_downloaded>,unknown,FAILED_LOGIN_REQUIRED
120,120,11,https://www.fsd.tuni.fi/en,https://services.fsd.tuni.fi/catalogue/FSD2831,<files_not_downloaded>,unknown,FAILED_LOGIN_REQUIRED
121,121,11,https://www.fsd.tuni.fi/en,https://services.fsd.tuni.fi/catalogue/FSD3874,<files_not_downloaded>,unknown,FAILED_LOGIN_REQUIRED
122,122,11,https://www.fsd.tuni.fi/en,https://services.fsd.tuni.fi/catalogue/FSD2710,<files_not_downloaded>,unknown,FAILED_LOGIN_REQUIRED
123,123,11,https://www.fsd.tuni.fi/en,https://services.fsd.tuni.fi/catalogue/FSD3354,<files_not_downloaded>,unknown,FAILED_LOGIN_REQUIRED
124,124,11,https://www.fsd.tuni.fi/en,https://services.fsd.tuni.fi/catalogue/FSD3086,<files_not_downloaded>,unknown,FAILED_LOGIN_REQUIRED
125,125,11,https://www.fsd.tuni.fi/en,https://services.fsd.tuni.fi/catalogue/FSD3150,<files_not_downloaded>,unknown,FAILED_LOGIN_REQUIRED
126,126,11,https://www.fsd.tuni.fi/en,https://services.fsd.tuni.fi/catalogue/FSD3424,<files_not_downloaded>,unknown,FAILED_LOGIN_REQUIRED
127,127,11,https://www.fsd.tuni.fi/en,https://services.fsd.tuni.fi/catalogue/FSD3923,<files_not_downloaded>,unknown,FAILED_LOGIN_REQUIRED
128,128,11,https://www.fsd.tuni.fi/en,https://services.fsd.tuni.fi/catalogue/FSD2124,<files_not_downloaded>,unknown,FAILED_LOGIN_REQUIRED
129,129,11,https://www.fsd.tuni.fi/en,https://services.fsd.tuni.fi/catalogue/FSD2633,<files_not_downloaded>,unknown,FAILED_LOGIN_REQUIRED
130,130,11,https://www.fsd.tuni.fi/en,https://services.fsd.tuni.fi/catalogue/FSD2625,<files_not_downloaded>,unknown,FAILED_LOGIN_REQUIRED
131,131,11,https://www.fsd.tuni.fi/en,https://services.fsd.tuni.fi/catalogue/FSD1306,<files_not_downloaded>,unknown,FAILED_LOGIN_REQUIRED
132,132,11,https://www.fsd.tuni.fi/en,https://services.fsd.tuni.fi/catalogue/FSD3278,<files_not_downloaded>,unknown,FAILED_LOGIN_REQUIRED
133,133,11,https://www.fsd.tuni.fi/en,https://services.fsd.tuni.fi/catalogue/FSD3610,<files_not_downloaded>,unknown,FAILED_LOGIN_REQUIRED
134,134,11,https://www.fsd.tuni.fi/en,https://services.fsd.tuni.fi/catalogue/FSD3671,<files_not_downloaded>,unknown,FAILED_LOGIN_REQUIRED
135,135,11,https://www.fsd.tuni.fi/en,https://services.fsd.tuni.fi/catalogue/FSD1006,<files_not_downloaded>,unknown,FAILED_LOGIN_REQUIRED
136,136,11,https://www.fsd.tuni.fi/en,https://services.fsd.tuni.fi/catalogue/FSD3123,<files_not_downloaded>,unknown,FAILED_LOGIN_REQUIRED
137,137,11,https://www.fsd.tuni.fi/en,https://services.fsd.tuni.fi/catalogue/FSD2374,<files_not_downloaded>,unknown,FAILED_LOGIN_REQUIRED
138,138,11,https://www.fsd.tuni.fi/en,https://services.fsd.tuni.fi/catalogue/FSD3659,<files_not_downloaded>,unknown,FAILED_LOGIN_REQUIRED
139,139,11,https://www.fsd.tuni.fi/en,https://services.fsd.tuni.fi/catalogue/FSD3166,FSD3166.zip,zip,FAILED_LOGIN_REQUIRED
140,140,11,https://www.fsd.tuni.fi/en,https://services.fsd.tuni.fi/catalogue/FSD3392,<files_not_downloaded>,unknown,FAILED_LOGIN_REQUIRED
141,141,11,https://www.fsd.tuni.fi/en,https://services.fsd.tuni.fi/catalogue/FSD2123,<files_not_downloaded>,unknown,FAILED_LOGIN_REQUIRED
142,142,11,https://www.fsd.tuni.fi/en,https://services.fsd.tuni.fi/catalogue/FSD2647,<files_not_downloaded>,unknown,FAILED_LOGIN_REQUIRED
143,143,11,https://www.fsd.tuni.fi/en,https://services.fsd.tuni.fi/catalogue/FSD2679,<files_not_downloaded>,unknown,FAILED_LOGIN_REQUIRED
144,144,11,https://www.fsd.tuni.fi/en,https://services.fsd.tuni.fi/catalogue/FSD2952,<files_not_downloaded>,unknown,FAILED_LOGIN_REQUIRED
145,145,11,https://www.fsd.tuni.fi/en,https://services.fsd.tuni.fi/catalogue/FSD3726,<files_not_downloaded>,unknown,FAILED_LOGIN_REQUIRED
146,146,11,https://www.fsd.tuni.fi/en,https://services.fsd.tuni.fi/catalogue/FSD2655,<files_not_downloaded>,unknown,FAILED_LOGIN_REQUIRED
147,147,11,https://www.fsd.tuni.fi/en,https://services.fsd.tuni.fi/catalogue/FSD2121,<files_not_downloaded>,unknown,FAILED_LOGIN_REQUIRED
148,148,11,https://www.fsd.tuni.fi/en,https://services.fsd.tuni.fi/catalogue/FSD3259,<files_not_downloaded>,unknown,FAILED_LOGIN_REQUIRED
149,149,11,https://www.fsd.tuni.fi/en,https://services.fsd.tuni.fi/catalogue/FSD3088,<files_not_downloaded>,unknown,FAILED_LOGIN_REQUIRED
150,150,11,https://www.fsd.tuni.fi/en,https://services.fsd.tuni.fi/catalogue/FSD2007,<files_not_downloaded>,unknown,FAILED_LOGIN_REQUIRED
151,151,11,https://www.fsd.tuni.fi/en,https://services.fsd.tuni.fi/catalogue/FSD3973,<files_not_downloaded>,unknown,FAILED_LOGIN_REQUIRED
152,152,11,https://www.fsd.tuni.fi/en,https://services.fsd.tuni.fi/catalogue/FSD3747,<files_not_downloaded>,unknown,FAILED_LOGIN_REQUIRED
153,153,11,https://www.fsd.tuni.fi/en,https://services.fsd.tuni.fi/catalogue/FSD2886,<files_not_downloaded>,unknown,FAILED_LOGIN_REQUIRED
154,154,11,https://www.fsd.tuni.fi/en,https://services.fsd.tuni.fi/catalogue/FSD3473,<files_not_downloaded>,unknown,FAILED_LOGIN_REQUIRED
155,155,11,https://www.fsd.tuni.fi/en,https://services.fsd.tuni.fi/catalogue/FSD3029,<files_not_downloaded>,unknown,FAILED_LOGIN_REQUIRED
156,156,11,https://www.fsd.tuni.fi/en,https://services.fsd.tuni.fi/catalogue/FSD2673,<files_not_downloaded>,unknown,FAILED_LOGIN_REQUIRED
157,157,11,https://www.fsd.tuni.fi/en,https://services.fsd.tuni.fi/catalogue/FSD3752,<files_not_downloaded>,unknown,FAILED_LOGIN_REQUIRED
158,158,11,https://www.fsd.tuni.fi/en,https://services.fsd.tuni.fi/catalogue/FSD3148,<files_not_downloaded>,unknown,FAILED_LOGIN_REQUIRED
159,159,11,https://www.fsd.tuni.fi/en,https://services.fsd.tuni.fi/catalogue/FSD2308,<files_not_downloaded>,unknown,FAILED_LOGIN_REQUIRED
160,160,11,https://www.fsd.tuni.fi/en,https://services.fsd.tuni.fi/catalogue/FSD2649,<files_not_downloaded>,unknown,FAILED_LOGIN_REQUIRED
161,161,11,https://www.fsd.tuni.fi/en,https://services.fsd.tuni.fi/catalogue/FSD2208,<files_not_downloaded>,unknown,FAILED_LOGIN_REQUIRED
162,162,11,https://www.fsd.tuni.fi/en,https://services.fsd.tuni.fi/catalogue/FSD3502,<files_not_downloaded>,unknown,FAILED_LOGIN_REQUIRED
163,163,11,https://www.fsd.tuni.fi/en,https://services.fsd.tuni.fi/catalogue/FSD3453,<files_not_downloaded>,unknown,FAILED_LOGIN_REQUIRED
164,164,11,https://www.fsd.tuni.fi/en,https://services.fsd.tuni.fi/catalogue/FSD2999,<files_not_downloaded>,unknown,FAILED_LOGIN_REQUIRED
165,165,11,https://www.fsd.tuni.fi/en,https://services.fsd.tuni.fi/catalogue/FSD2437,<files_not_downloaded>,unknown,FAILED_LOGIN_REQUIRED
166,166,11,https://www.fsd.tuni.fi/en,https://services.fsd.tuni.fi/catalogue/FSD2736,<files_not_downloaded>,unknown,FAILED_LOGIN_REQUIRED
167,167,11,https://www.fsd.tuni.fi/en,https://services.fsd.tuni.fi/catalogue/FSD1000,<files_not_downloaded>,unknown,FAILED_LOGIN_REQUIRED
168,168,11,https://www.fsd.tuni.fi/en,https://services.fsd.tuni.fi/catalogue/FSD3911,<files_not_downloaded>,unknown,FAILED_LOGIN_REQUIRED
169,169,11,https://www.fsd.tuni.fi/en,https://services.fsd.tuni.fi/catalogue/FSD3100,<files_not_downloaded>,unknown,FAILED_LOGIN_REQUIRED
170,170,11,https://www.fsd.tuni.fi/en,https://services.fsd.tuni.fi/catalogue/FSD3139,<files_not_downloaded>,unknown,FAILED_LOGIN_REQUIRED
171,171,11,https://www.fsd.tuni.fi/en,https://services.fsd.tuni.fi/catalogue/FSD3861,<files_not_downloaded>,unknown,FAILED_LOGIN_REQUIRED
172,172,11,https://www.fsd.tuni.fi/en,https://services.fsd.tuni.fi/catalogue/FSD3828,<files_not_downloaded>,unknown,FAILED_LOGIN_REQUIRED
173,173,11,https://www.fsd.tuni.fi/en,https://services.fsd.tuni.fi/catalogue/FSD3438,<files_not_downloaded>,unknown,FAILED_LOGIN_REQUIRED
174,174,11,https://www.fsd.tuni.fi/en,https://services.fsd.tuni.fi/catalogue/FSD2269,<files_not_downloaded>,unknown,FAILED_LOGIN_REQUIRED
175,175,11,https://www.fsd.tuni.fi/en,https://services.fsd.tuni.fi/catalogue/FSD3776,<files_not_downloaded>,unknown,FAILED_LOGIN_REQUIRED
176,176,11,https://www.fsd.tuni.fi/en,https://services.fsd.tuni.fi/catalogue/FSD3409,<files_not_downloaded>,unknown,FAILED_LOGIN_REQUIRED
177,177,11,https://www.fsd.tuni.fi/en,https://services.fsd.tuni.fi/catalogue/FSD2578,<files_not_downloaded>,unknown,FAILED_LOGIN_REQUIRED
178,178,11,https://www.fsd.tuni.fi/en,https://services.fsd.tuni.fi/catalogue/FSD3822,<files_not_downloaded>,unknown,FAILED_LOGIN_REQUIRED
179,179,11,https://www.fsd.tuni.fi/en,https://services.fsd.tuni.fi/catalogue/FSD3475,<files_not_downloaded>,unknown,FAILED_LOGIN_REQUIRED
180,180,11,https://www.fsd.tuni.fi/en,https://services.fsd.tuni.fi/catalogue/FSD3412,<files_not_downloaded>,unknown,FAILED_LOGIN_REQUIRED
181,181,11,https://www.fsd.tuni.fi/en,https://services.fsd.tuni.fi/catalogue/FSD2731,<files_not_downloaded>,unknown,FAILED_LOGIN_REQUIRED
182,182,11,https://www.fsd.tuni.fi/en,https://services.fsd.tuni.fi/catalogue/FSD3878,<files_not_downloaded>,unknown,FAILED_LOGIN_REQUIRED
183,183,11,https://www.fsd.tuni.fi/en,https://services.fsd.tuni.fi/catalogue/FSD2564,<files_not_downloaded>,unknown,FAILED_LOGIN_REQUIRED
184,184,11,https://www.fsd.tuni.fi/en,https://services.fsd.tuni.fi/catalogue/FSD2108,<files_not_downloaded>,unknown,FAILED_LOGIN_REQUIRED
185,185,11,https://www.fsd.tuni.fi/en,https://services.fsd.tuni.fi/catalogue/FSD2207,<files_not_downloaded>,unknown,FAILED_LOGIN_REQUIRED
186,186,11,https://www.fsd.tuni.fi/en,https://services.fsd.tuni.fi/catalogue/FSD3542,<files_not_downloaded>,unknown,FAILED_LOGIN_REQUIRED
187,187,11,https://www.fsd.tuni.fi/en,https://services.fsd.tuni.fi/catalogue/FSD1007,<files_not_downloaded>,unknown,FAILED_LOGIN_REQUIRED
188,188,11,https://www.fsd.tuni.fi/en,https://services.fsd.tuni.fi/catalogue/FSD2658,<files_not_downloaded>,unknown,FAILED_LOGIN_REQUIRED
189,189,11,https://www.fsd.tuni.fi/en,https://services.fsd.tuni.fi/catalogue/FSD3109,<files_not_downloaded>,unknown,FAILED_LOGIN_REQUIRED
190,190,11,https://www.fsd.tuni.fi/en,https://services.fsd.tuni.fi/catalogue/FSD2754,<files_not_downloaded>,unknown,FAILED_LOGIN_REQUIRED
191,191,11,https://www.fsd.tuni.fi/en,https://services.fsd.tuni.fi/catalogue/FSD3887,<files_not_downloaded>,unknown,FAILED_LOGIN_REQUIRED
192,192,11,https://www.fsd.tuni.fi/en,https://services.fsd.tuni.fi/catalogue/FSD3102,<files_not_downloaded>,unknown,FAILED_LOGIN_REQUIRED
193,193,11,https://www.fsd.tuni.fi/en,https://services.fsd.tuni.fi/catalogue/FSD3691,<files_not_downloaded>,unknown,FAILED_LOGIN_REQUIRED
194,194,11,https://www.fsd.tuni.fi/en,https://services.fsd.tuni.fi/catalogue/FSD2263,<files_not_downloaded>,unknown,FAILED_LOGIN_REQUIRED
195,195,11,https://www.fsd.tuni.fi/en,https://services.fsd.tuni.fi/catalogue/FSD2373,<files_not_downloaded>,unknown,FAILED_LOGIN_REQUIRED
196,196,11,https://www.fsd.tuni.fi/en,https://services.fsd.tuni.fi/catalogue/FSD3417,<files_not_downloaded>,unknown,FAILED_LOGIN_REQUIRED
197,197,11,https://www.fsd.tuni.fi/en,https://services.fsd.tuni.fi/catalogue/FSD2958,<files_not_downloaded>,unknown,FAILED_LOGIN_REQUIRED
198,198,11,https://www.fsd.tuni.fi/en,https://services.fsd.tuni.fi/catalogue/FSD2715,<files_not_downloaded>,unknown,FAILED_LOGIN_REQUIRED
199,199,11,https://www.fsd.tuni.fi/en,https://services.fsd.tuni.fi/catalogue/FSD3378,<files_not_downloaded>,unknown,FAILED_LOGIN_REQUIRED
200,200,11,https://www.fsd.tuni.fi/en,https://services.fsd.tuni.fi/catalogue/FSD2199,<files_not_downloaded>,unknown,FAILED_LOGIN_REQUIRED
201,201,11,https://www.fsd.tuni.fi/en,https://services.fsd.tuni.fi/catalogue/FSD2575,<files_not_downloaded>,unknown,FAILED_LOGIN_REQUIRED
202,202,11,https://www.fsd.tuni.fi/en,https://services.fsd.tuni.fi/catalogue/FSD2823,<files_not_downloaded>,unknown,FAILED_LOGIN_REQUIRED
203,203,11,https://www.fsd.tuni.fi/en,https://services.fsd.tuni.fi/catalogue/FSD2510,<files_not_downloaded>,unknown,FAILED_LOGIN_REQUIRED
204,204,11,https://www.fsd.tuni.fi/en,https://services.fsd.tuni.fi/catalogue/FSD2751,<files_not_downloaded>,unknown,FAILED_LOGIN_REQUIRED
205,205,11,https://www.fsd.tuni.fi/en,https://services.fsd.tuni.fi/catalogue/FSD2619,<files_not_downloaded>,unknown,FAILED_LOGIN_REQUIRED
206,206,11,https://www.fsd.tuni.fi/en,https://services.fsd.tuni.fi/catalogue/FSD3243,<files_not_downloaded>,unknown,FAILED_LOGIN_REQUIRED
207,207,11,https://www.fsd.tuni.fi/en,https://services.fsd.tuni.fi/catalogue/FSD3685,<files_not_downloaded>,unknown,FAILED_LOGIN_REQUIRED
208,208,11,https://www.fsd.tuni.fi/en,https://services.fsd.tuni.fi/catalogue/FSD3080,<files_not_downloaded>,unknown,FAILED_LOGIN_REQUIRED
209,209,11,https://www.fsd.tuni.fi/en,https://services.fsd.tuni.fi/catalogue/FSD3038,<files_not_downloaded>,unknown,FAILED_LOGIN_REQUIRED
210,210,11,https://www.fsd.tuni.fi/en,https://services.fsd.tuni.fi/catalogue/FSD2508,<files_not_downloaded>,unknown,FAILED_LOGIN_REQUIRED
211,211,11,https://www.fsd.tuni.fi/en,https://services.fsd.tuni.fi/catalogue/FSD2074,<files_not_downloaded>,unknown,FAILED_LOGIN_REQUIRED
212,212,11,https://www.fsd.tuni.fi/en,https://services.fsd.tuni.fi/catalogue/FSD3497,<files_not_downloaded>,unknown,FAILED_LOGIN_REQUIRED
213,213,11,https://www.fsd.tuni.fi/en,https://services.fsd.tuni.fi/catalogue/FSD2629,<files_not_downloaded>,unknown,FAILED_LOGIN_REQUIRED
214,214,11,https://www.fsd.tuni.fi/en,https://services.fsd.tuni.fi/catalogue/FSD2200,<files_not_downloaded>,unknown,FAILED_LOGIN_REQUIRED
215,215,11,https://www.fsd.tuni.fi/en,https://services.fsd.tuni.fi/catalogue/FSD2785,<files_not_downloaded>,unknown,FAILED_LOGIN_REQUIRED
216,216,11,https://www.fsd.tuni.fi/en,https://services.fsd.tuni.fi/catalogue/FSD3459,<files_not_downloaded>,unknown,FAILED_LOGIN_REQUIRED
217,217,11,https://www.fsd.tuni.fi/en,https://services.fsd.tuni.fi/catalogue/FSD2618,<files_not_downloaded>,unknown,FAILED_LOGIN_REQUIRED
218,218,11,https://www.fsd.tuni.fi/en,https://services.fsd.tuni.fi/catalogue/FSD2516,<files_not_downloaded>,unknown,FAILED_LOGIN_REQUIRED
219,219,11,https://www.fsd.tuni.fi/en,https://services.fsd.tuni.fi/catalogue/FSD3383,<files_not_downloaded>,unknown,FAILED_LOGIN_REQUIRED
220,220,11,https://www.fsd.tuni.fi/en,https://services.fsd.tuni.fi/catalogue/FSD2605,<files_not_downloaded>,unknown,FAILED_LOGIN_REQUIRED
221,221,11,https://www.fsd.tuni.fi/en,https://services.fsd.tuni.fi/catalogue/FSD3767,<files_not_downloaded>,unknown,FAILED_LOGIN_REQUIRED
222,222,11,https://www.fsd.tuni.fi/en,https://services.fsd.tuni.fi/catalogue/FSD3675,<files_not_downloaded>,unknown,FAILED_LOGIN_REQUIRED
223,223,11,https://www.fsd.tuni.fi/en,https://services.fsd.tuni.fi/catalogue/FSD3141,<files_not_downloaded>,unknown,FAILED_LOGIN_REQUIRED
224,224,11,https://www.fsd.tuni.fi/en,https://services.fsd.tuni.fi/catalogue/FSD3997,<files_not_downloaded>,unknown,FAILED_LOGIN_REQUIRED
225,225,11,https://www.fsd.tuni.fi/en,https://services.fsd.tuni.fi/catalogue/FSD2103,<files_not_downloaded>,unknown,FAILED_LOGIN_REQUIRED
226,226,11,https://www.fsd.tuni.fi/en,https://services.fsd.tuni.fi/catalogue/FSD2097,<files_not_downloaded>,unknown,FAILED_LOGIN_REQUIRED
227,227,11,https://www.fsd.tuni.fi/en,https://services.fsd.tuni.fi/catalogue/FSD3929,<files_not_downloaded>,unknown,FAILED_LOGIN_REQUIRED
228,228,11,https://www.fsd.tuni.fi/en,https://services.fsd.tuni.fi/catalogue/FSD3410,<files_not_downloaded>,unknown,FAILED_LOGIN_REQUIRED
229,229,11,https://www.fsd.tuni.fi/en,https://services.fsd.tuni.fi/catalogue/FSD4023,<files_not_downloaded>,unknown,FAILED_LOGIN_REQUIRED
230,230,11,https://www.fsd.tuni.fi/en,https://services.fsd.tuni.fi/catalogue/FSD2616,<files_not_downloaded>,unknown,FAILED_LOGIN_REQUIRED
231,231,11,https://www.fsd.tuni.fi/en,https://services.fsd.tuni.fi/catalogue/FSD2205,<files_not_downloaded>,unknown,FAILED_LOGIN_REQUIRED
232,232,11,https://www.fsd.tuni.fi/en,https://services.fsd.tuni.fi/catalogue/FSD3715,<files_not_downloaded>,unknown,FAILED_LOGIN_REQUIRED
233,233,11,https://www.fsd.tuni.fi/en,https://services.fsd.tuni.fi/catalogue/FSD1003,<files_not_downloaded>,unknown,FAILED_LOGIN_REQUIRED
234,234,11,https://www.fsd.tuni.fi/en,https://services.fsd.tuni.fi/catalogue/FSD3995,<files_not_downloaded>,unknown,FAILED_LOGIN_REQUIRED
235,235,11,https://www.fsd.tuni.fi/en,https://services.fsd.tuni.fi/catalogue/FSD3393,<files_not_downloaded>,unknown,FAILED_LOGIN_REQUIRED
236,236,11,https://www.fsd.tuni.fi/en,https://services.fsd.tuni.fi/catalogue/FSD2977,<files_not_downloaded>,unknown,FAILED_LOGIN_REQUIRED
237,237,11,https://www.fsd.tuni.fi/en,https://services.fsd.tuni.fi/catalogue/FSD3293,<files_not_downloaded>,unknown,FAILED_LOGIN_REQUIRED
238,238,11,https://www.fsd.tuni.fi/en,https://services.fsd.tuni.fi/catalogue/FSD4026,<files_not_downloaded>,unknown,FAILED_LOGIN_REQUIRED
239,239,11,https://www.fsd.tuni.fi/en,https://services.fsd.tuni.fi/catalogue/FSD2914,<files_not_downloaded>,unknown,FAILED_LOGIN_REQUIRED
240,240,11,https://www.fsd.tuni.fi/en,https://services.fsd.tuni.fi/catalogue/FSD3317,<files_not_downloaded>,unknown,FAILED_LOGIN_REQUIRED
241,241,11,https://www.fsd.tuni.fi/en,https://services.fsd.tuni.fi/catalogue/FSD2795,<files_not_downloaded>,unknown,FAILED_LOGIN_REQUIRED
242,242,11,https://www.fsd.tuni.fi/en,https://services.fsd.tuni.fi/catalogue/FSD3332,<files_not_downloaded>,unknown,FAILED_LOGIN_REQUIRED
243,243,11,https://www.fsd.tuni.fi/en,https://services.fsd.tuni.fi/catalogue/FSD2855,<files_not_downloaded>,unknown,FAILED_LOGIN_REQUIRED
244,244,11,https://www.fsd.tuni.fi/en,https://services.fsd.tuni.fi/catalogue/FSD1038,<files_not_downloaded>,unknown,FAILED_LOGIN_REQUIRED
245,245,11,https://www.fsd.tuni.fi/en,https://services.fsd.tuni.fi/catalogue/FSD2515,<files_not_downloaded>,unknown,FAILED_LOGIN_REQUIRED
246,246,11,https://www.fsd.tuni.fi/en,https://services.fsd.tuni.fi/catalogue/FSD3864,<files_not_downloaded>,unknown,FAILED_LOGIN_REQUIRED
247,247,11,https://www.fsd.tuni.fi/en,https://services.fsd.tuni.fi/catalogue/FSD3290,<files_not_downloaded>,unknown,FAILED_LOGIN_REQUIRED
248,248,11,https://www.fsd.tuni.fi/en,https://services.fsd.tuni.fi/catalogue/FSD2398,<files_not_downloaded>,unknown,FAILED_LOGIN_REQUIRED
249,249,11,https://www.fsd.tuni.fi/en,https://services.fsd.tuni.fi/catalogue/FSD3445,<files_not_downloaded>,unknown,FAILED_LOGIN_REQUIRED
250,250,11,https://www.fsd.tuni.fi/en,https://services.fsd.tuni.fi/catalogue/FSD1088,<files_not_downloaded>,unknown,FAILED_LOGIN_REQUIRED
251,251,11,https://www.fsd.tuni.fi/en,https://services.fsd.tuni.fi/catalogue/FSD2753,<files_not_downloaded>,unknown,FAILED_LOGIN_REQUIRED
252,252,11,https://www.fsd.tuni.fi/en,https://services.fsd.tuni.fi/catalogue/FSD3925,<files_not_downloaded>,unknown,FAILED_LOGIN_REQUIRED
253,253,11,https://www.fsd.tuni.fi/en,https://services.fsd.tuni.fi/catalogue/FSD2756,<files_not_downloaded>,unknown,FAILED_LOGIN_REQUIRED
254,254,11,https://www.fsd.tuni.fi/en,https://services.fsd.tuni.fi/catalogue/FSD2726,<files_not_downloaded>,unknown,FAILED_LOGIN_REQUIRED
255,255,11,https://www.fsd.tuni.fi/en,https://services.fsd.tuni.fi/catalogue/FSD2201,<files_not_downloaded>,unknown,FAILED_LOGIN_REQUIRED
256,256,11,https://www.fsd.tuni.fi/en,https://services.fsd.tuni.fi/catalogue/FSD3489,<files_not_downloaded>,unknown,FAILED_LOGIN_REQUIRED
257,257,11,https://www.fsd.tuni.fi/en,https://services.fsd.tuni.fi/catalogue/FSD2819,<files_not_downloaded>,unknown,FAILED_LOGIN_REQUIRED
258,258,11,https://www.fsd.tuni.fi/en,https://services.fsd.tuni.fi/catalogue/FSD2174,<files_not_downloaded>,unknown,FAILED_LOGIN_REQUIRED
259,259,11,https://www.fsd.tuni.fi/en,https://services.fsd.tuni.fi/catalogue/FSD1014,<files_not_downloaded>,unknown,FAILED_LOGIN_REQUIRED
260,260,11,https://www.fsd.tuni.fi/en,https://services.fsd.tuni.fi/catalogue/FSD3408,<files_not_downloaded>,unknown,FAILED_LOGIN_REQUIRED
261,261,11,https://www.fsd.tuni.fi/en,https://services.fsd.tuni.fi/catalogue/FSD3846,<files_not_downloaded>,unknown,FAILED_LOGIN_REQUIRED
262,262,11,https://www.fsd.tuni.fi/en,https://services.fsd.tuni.fi/catalogue/FSD1321,<files_not_downloaded>,unknown,FAILED_LOGIN_REQUIRED
263,263,11,https://www.fsd.tuni.fi/en,https://services.fsd.tuni.fi/catalogue/FSD2659,<files_not_downloaded>,unknown,FAILED_LOGIN_REQUIRED
264,264,11,https://www.fsd.tuni.fi/en,https://services.fsd.tuni.fi/catalogue/FSD2104,<files_not_downloaded>,unknown,FAILED_LOGIN_REQUIRED
265,265,11,https://www.fsd.tuni.fi/en,https://services.fsd.tuni.fi/catalogue/FSD2735,<files_not_downloaded>,unknown,FAILED_LOGIN_REQUIRED
266,266,11,https://www.fsd.tuni.fi/en,https://services.fsd.tuni.fi/catalogue/FSD1001,<files_not_downloaded>,unknown,FAILED_LOGIN_REQUIRED
267,267,11,https://www.fsd.tuni.fi/en,https://services.fsd.tuni.fi/catalogue/FSD2378,<files_not_downloaded>,unknown,FAILED_LOGIN_REQUIRED
268,268,11,https://www.fsd.tuni.fi/en,https://services.fsd.tuni.fi/catalogue/FSD3142,<files_not_downloaded>,unknown,FAILED_LOGIN_REQUIRED
269,269,11,https://www.fsd.tuni.fi/en,https://services.fsd.tuni.fi/catalogue/FSD2576,<files_not_downloaded>,unknown,FAILED_LOGIN_REQUIRED
270,270,11,https://www.fsd.tuni.fi/en,https://services.fsd.tuni.fi/catalogue/FSD3529,<files_not_downloaded>,unknown,FAILED_LOGIN_REQUIRED
271,271,11,https://www.fsd.tuni.fi/en,https://services.fsd.tuni.fi/catalogue/FSD2196,<files_not_downloaded>,unknown,FAILED_LOGIN_REQUIRED
272,272,11,https://www.fsd.tuni.fi/en,https://services.fsd.tuni.fi/catalogue/FSD3223,<files_not_downloaded>,unknown,FAILED_LOGIN_REQUIRED
273,273,11,https://www.fsd.tuni.fi/en,https://services.fsd.tuni.fi/catalogue/FSD3470,<files_not_downloaded>,unknown,FAILED_LOGIN_REQUIRED
274,274,11,https://www.fsd.tuni.fi/en,https://services.fsd.tuni.fi/catalogue/FSD2577,<files_not_downloaded>,unknown,FAILED_LOGIN_REQUIRED
275,275,11,https://www.fsd.tuni.fi/en,https://services.fsd.tuni.fi/catalogue/FSD3307,<files_not_downloaded>,unknown,FAILED_LOGIN_REQUIRED
276,276,11,https://www.fsd.tuni.fi/en,https://services.fsd.tuni.fi/catalogue/FSD2665,<files_not_downloaded>,unknown,FAILED_LOGIN_REQUIRED
277,277,11,https://www.fsd.tuni.fi/en,https://services.fsd.tuni.fi/catalogue/FSD3621,<files_not_downloaded>,unknown,FAILED_LOGIN_REQUIRED
278,278,11,https://www.fsd.tuni.fi/en,https://services.fsd.tuni.fi/catalogue/FSD3835,<files_not_downloaded>,unknown,FAILED_LOGIN_REQUIRED
279,279,11,https://www.fsd.tuni.fi/en,https://services.fsd.tuni.fi/catalogue/FSD3474,<files_not_downloaded>,unknown,FAILED_LOGIN_REQUIRED
280,280,11,https://www.fsd.tuni.fi/en,https://services.fsd.tuni.fi/catalogue/FSD2171,<files_not_downloaded>,unknown,FAILED_LOGIN_REQUIRED
281,281,11,https://www.fsd.tuni.fi/en,https://services.fsd.tuni.fi/catalogue/FSD2407,<files_not_downloaded>,unknown,FAILED_LOGIN_REQUIRED
282,282,11,https://www.fsd.tuni.fi/en,https://services.fsd.tuni.fi/catalogue/FSD2719,<files_not_downloaded>,unknown,FAILED_LOGIN_REQUIRED
283,283,11,https://www.fsd.tuni.fi/en,https://services.fsd.tuni.fi/catalogue/FSD2542,<files_not_downloaded>,unknown,FAILED_LOGIN_REQUIRED
284,284,11,https://www.fsd.tuni.fi/en,https://services.fsd.tuni.fi/catalogue/FSD3369,<files_not_downloaded>,unknown,FAILED_LOGIN_REQUIRED
285,285,11,https://www.fsd.tuni.fi/en,https://services.fsd.tuni.fi/catalogue/FSD3341,<files_not_downloaded>,unknown,FAILED_LOGIN_REQUIRED
286,286,11,https://www.fsd.tuni.fi/en,https://services.fsd.tuni.fi/catalogue/FSD2504,<files_not_downloaded>,unknown,FAILED_LOGIN_REQUIRED
287,287,11,https://www.fsd.tuni.fi/en,https://services.fsd.tuni.fi/catalogue/FSD1270,<files_not_downloaded>,unknown,FAILED_LOGIN_REQUIRED
288,288,11,https://www.fsd.tuni.fi/en,https://services.fsd.tuni.fi/catalogue/FSD2118,<files_not_downloaded>,unknown,FAILED_LOGIN_REQUIRED
289,289,11,https://www.fsd.tuni.fi/en,https://services.fsd.tuni.fi/catalogue/FSD2648,<files_not_downloaded>,unknown,FAILED_LOGIN_REQUIRED
290,290,11,https://www.fsd.tuni.fi/en,https://services.fsd.tuni.fi/catalogue/FSD2718,<files_not_downloaded>,unknown,FAILED_LOGIN_REQUIRED
291,291,11,https://www.fsd.tuni.fi/en,https://services.fsd.tuni.fi/catalogue/FSD3697,<files_not_downloaded>,unknown,FAILED_LOGIN_REQUIRED
292,292,11,https://www.fsd.tuni.fi/en,https://services.fsd.tuni.fi/catalogue/FSD3297,<files_not_downloaded>,unknown,FAILED_LOGIN_REQUIRED
293,293,11,https://www.fsd.tuni.fi/en,https://services.fsd.tuni.fi/catalogue/FSD2662,<files_not_downloaded>,unknown,FAILED_LOGIN_REQUIRED
294,294,11,https://www.fsd.tuni.fi/en,https://services.fsd.tuni.fi/catalogue/FSD1320,<files_not_downloaded>,unknown,FAILED_LOGIN_REQUIRED
295,295,11,https://www.fsd.tuni.fi/en,https://services.fsd.tuni.fi/catalogue/FSD3072,<files_not_downloaded>,unknown,FAILED_LOGIN_REQUIRED
296,296,11,https://www.fsd.tuni.fi/en,https://services.fsd.tuni.fi/catalogue/FSD3427,<files_not_downloaded>,unknown,FAILED_LOGIN_REQUIRED
297,297,11,https://www.fsd.tuni.fi/en,https://services.fsd.tuni.fi/catalogue/FSD3429,<files_not_downloaded>,unknown,FAILED_LOGIN_REQUIRED
298,298,11,https://www.fsd.tuni.fi/en,https://services.fsd.tuni.fi/catalogue/FSD3857,<files_not_downloaded>,unknown,FAILED_LOGIN_REQUIRED
299,299,11,https://www.fsd.tuni.fi/en,https://services.fsd.tuni.fi/catalogue/FSD2788,<files_not_downloaded>,unknown,FAILED_LOGIN_REQUIRED
300,300,11,https://www.fsd.tuni.fi/en,https://services.fsd.tuni.fi/catalogue/FSD3374,<files_not_downloaded>,unknown,FAILED_LOGIN_REQUIRED
301,301,11,https://www.fsd.tuni.fi/en,https://services.fsd.tuni.fi/catalogue/FSD2668,<files_not_downloaded>,unknown,FAILED_LOGIN_REQUIRED
302,302,11,https://www.fsd.tuni.fi/en,https://services.fsd.tuni.fi/catalogue/FSD3912,<files_not_downloaded>,unknown,FAILED_LOGIN_REQUIRED
303,303,11,https://www.fsd.tuni.fi/en,https://services.fsd.tuni.fi/catalogue/FSD3016,<files_not_downloaded>,unknown,FAILED_LOGIN_REQUIRED
304,304,11,https://www.fsd.tuni.fi/en,https://services.fsd.tuni.fi/catalogue/FSD3903,<files_not_downloaded>,unknown,FAILED_LOGIN_REQUIRED
305,305,11,https://www.fsd.tuni.fi/en,https://services.fsd.tuni.fi/catalogue/FSD3738,<files_not_downloaded>,unknown,FAILED_LOGIN_REQUIRED
306,306,11,https://www.fsd.tuni.fi/en,https://services.fsd.tuni.fi/catalogue/FSD2413,<files_not_downloaded>,unknown,FAILED_LOGIN_REQUIRED
307,307,11,https://www.fsd.tuni.fi/en,https://services.fsd.tuni.fi/catalogue/FSD1358,<files_not_downloaded>,unknown,FAILED_LOGIN_REQUIRED
308,308,11,https://www.fsd.tuni.fi/en,https://services.fsd.tuni.fi/catalogue/FSD3818,<files_not_downloaded>,unknown,FAILED_LOGIN_REQUIRED
309,309,11,https://www.fsd.tuni.fi/en,https://services.fsd.tuni.fi/catalogue/FSD3879,<files_not_downloaded>,unknown,FAILED_LOGIN_REQUIRED
310,310,11,https://www.fsd.tuni.fi/en,https://services.fsd.tuni.fi/catalogue/FSD2587,<files_not_downloaded>,unknown,FAILED_LOGIN_REQUIRED
311,311,11,https://www.fsd.tuni.fi/en,https://services.fsd.tuni.fi/catalogue/FSD3301,<files_not_downloaded>,unknown,FAILED_LOGIN_REQUIRED
312,312,11,https://www.fsd.tuni.fi/en,https://services.fsd.tuni.fi/catalogue/FSD2981,FSD2981.zip,zip,FAILED_LOGIN_REQUIRED
313,313,11,https://www.fsd.tuni.fi/en,https://services.fsd.tuni.fi/catalogue/FSD2713,<files_not_downloaded>,unknown,FAILED_LOGIN_REQUIRED
314,314,11,https://www.fsd.tuni.fi/en,https://services.fsd.tuni.fi/catalogue/FSD2490,<files_not_downloaded>,unknown,FAILED_LOGIN_REQUIRED
315,315,11,https://www.fsd.tuni.fi/en,https://services.fsd.tuni.fi/catalogue/FSD3342,<files_not_downloaded>,unknown,FAILED_LOGIN_REQUIRED
316,316,11,https://www.fsd.tuni.fi/en,https://services.fsd.tuni.fi/catalogue/FSD3395,<files_not_downloaded>,unknown,FAILED_LOGIN_REQUIRED
317,317,11,https://www.fsd.tuni.fi/en,https://services.fsd.tuni.fi/catalogue/FSD3803,<files_not_downloaded>,unknown,FAILED_LOGIN_REQUIRED
318,318,11,https://www.fsd.tuni.fi/en,https://services.fsd.tuni.fi/catalogue/FSD3312,<files_not_downloaded>,unknown,FAILED_LOGIN_REQUIRED
319,319,11,https://www.fsd.tuni.fi/en,https://services.fsd.tuni.fi/catalogue/FSD3066,<files_not_downloaded>,unknown,FAILED_LOGIN_REQUIRED
320,320,11,https://www.fsd.tuni.fi/en,https://services.fsd.tuni.fi/catalogue/FSD4009,<files_not_downloaded>,unknown,FAILED_LOGIN_REQUIRED
321,321,11,https://www.fsd.tuni.fi/en,https://services.fsd.tuni.fi/catalogue/FSD1197,<files_not_downloaded>,unknown,FAILED_LOGIN_REQUIRED
322,322,11,https://www.fsd.tuni.fi/en,https://services.fsd.tuni.fi/catalogue/FSD2000,<files_not_downloaded>,unknown,FAILED_LOGIN_REQUIRED
323,323,11,https://www.fsd.tuni.fi/en,https://services.fsd.tuni.fi/catalogue/FSD2769,<files_not_downloaded>,unknown,FAILED_LOGIN_REQUIRED
324,324,11,https://www.fsd.tuni.fi/en,https://services.fsd.tuni.fi/catalogue/FSD2763,<files_not_downloaded>,unknown,FAILED_LOGIN_REQUIRED
325,325,11,https://www.fsd.tuni.fi/en,https://services.fsd.tuni.fi/catalogue/FSD2767,<files_not_downloaded>,unknown,FAILED_LOGIN_REQUIRED
326,326,11,https://www.fsd.tuni.fi/en,https://services.fsd.tuni.fi/catalogue/FSD2607,<files_not_downloaded>,unknown,FAILED_LOGIN_REQUIRED
327,327,11,https://www.fsd.tuni.fi/en,https://services.fsd.tuni.fi/catalogue/FSD1211,<files_not_downloaded>,unknown,FAILED_LOGIN_REQUIRED
328,328,11,https://www.fsd.tuni.fi/en,https://services.fsd.tuni.fi/catalogue/FSD4025,<files_not_downloaded>,unknown,FAILED_LOGIN_REQUIRED
329,329,11,https://www.fsd.tuni.fi/en,https://services.fsd.tuni.fi/catalogue/FSD2125,<files_not_downloaded>,unknown,FAILED_LOGIN_REQUIRED
330,330,11,https://www.fsd.tuni.fi/en,https://services.fsd.tuni.fi/catalogue/FSD3909,<files_not_downloaded>,unknown,FAILED_LOGIN_REQUIRED
331,331,11,https://www.fsd.tuni.fi/en,https://services.fsd.tuni.fi/catalogue/FSD2388,<files_not_downloaded>,unknown,FAILED_LOGIN_REQUIRED
332,332,11,https://www.fsd.tuni.fi/en,https://services.fsd.tuni.fi/catalogue/FSD2025,<files_not_downloaded>,unknown,FAILED_LOGIN_REQUIRED
333,333,11,https://www.fsd.tuni.fi/en,https://services.fsd.tuni.fi/catalogue/FSD2246,<files_not_downloaded>,unknown,FAILED_LOGIN_REQUIRED
334,334,11,https://www.fsd.tuni.fi/en,https://services.fsd.tuni.fi/catalogue/FSD3724,<files_not_downloaded>,unknown,FAILED_LOGIN_REQUIRED
335,335,11,https://www.fsd.tuni.fi/en,https://services.fsd.tuni.fi/catalogue/FSD3326,<files_not_downloaded>,unknown,FAILED_LOGIN_REQUIRED
336,336,11,https://www.fsd.tuni.fi/en,https://services.fsd.tuni.fi/catalogue/FSD3303,<files_not_downloaded>,unknown,FAILED_LOGIN_REQUIRED
337,337,11,https://www.fsd.tuni.fi/en,https://services.fsd.tuni.fi/catalogue/FSD1004,<files_not_downloaded>,unknown,FAILED_LOGIN_REQUIRED
338,338,11,https://www.fsd.tuni.fi/en,https://services.fsd.tuni.fi/catalogue/FSD1297,<files_not_downloaded>,unknown,FAILED_LOGIN_REQUIRED
339,339,11,https://www.fsd.tuni.fi/en,https://services.fsd.tuni.fi/catalogue/FSD2590,<files_not_downloaded>,unknown,FAILED_LOGIN_REQUIRED
340,340,11,https://www.fsd.tuni.fi/en,https://services.fsd.tuni.fi/catalogue/FSD2204,<files_not_downloaded>,unknown,FAILED_LOGIN_REQUIRED
341,341,11,https://www.fsd.tuni.fi/en,https://services.fsd.tuni.fi/catalogue/FSD3020,<files_not_downloaded>,unknown,FAILED_LOGIN_REQUIRED
342,342,11,https://www.fsd.tuni.fi/en,https://services.fsd.tuni.fi/catalogue/FSD2777,<files_not_downloaded>,unknown,FAILED_LOGIN_REQUIRED
343,343,11,https://www.fsd.tuni.fi/en,https://services.fsd.tuni.fi/catalogue/FSD3394,<files_not_downloaded>,unknown,FAILED_LOGIN_REQUIRED
344,344,11,https://www.fsd.tuni.fi/en,https://services.fsd.tuni.fi/catalogue/FSD3458,<files_not_downloaded>,unknown,FAILED_LOGIN_REQUIRED
345,345,11,https://www.fsd.tuni.fi/en,https://services.fsd.tuni.fi/catalogue/FSD2034,<files_not_downloaded>,unknown,FAILED_LOGIN_REQUIRED
346,346,11,https://www.fsd.tuni.fi/en,https://services.fsd.tuni.fi/catalogue/FSD3511,<files_not_downloaded>,unknown,FAILED_LOGIN_REQUIRED
347,347,11,https://www.fsd.tuni.fi/en,https://services.fsd.tuni.fi/catalogue/FSD3947,<files_not_downloaded>,unknown,FAILED_LOGIN_REQUIRED
348,348,11,https://www.fsd.tuni.fi/en,https://services.fsd.tuni.fi/catalogue/FSD3321,<files_not_downloaded>,unknown,FAILED_LOGIN_REQUIRED
349,349,11,https://www.fsd.tuni.fi/en,https://services.fsd.tuni.fi/catalogue/FSD2887,<files_not_downloaded>,unknown,FAILED_LOGIN_REQUIRED
350,350,11,https://www.fsd.tuni.fi/en,https://services.fsd.tuni.fi/catalogue/FSD3734,<files_not_downloaded>,unknown,FAILED_LOGIN_REQUIRED
351,351,11,https://www.fsd.tuni.fi/en,https://services.fsd.tuni.fi/catalogue/FSD2566,<files_not_downloaded>,unknown,FAILED_LOGIN_REQUIRED
352,352,11,https://www.fsd.tuni.fi/en,https://services.fsd.tuni.fi/catalogue/FSD2517,<files_not_downloaded>,unknown,FAILED_LOGIN_REQUIRED
353,353,11,https://www.fsd.tuni.fi/en,https://services.fsd.tuni.fi/catalogue/FSD2234,<files_not_downloaded>,unknown,FAILED_LOGIN_REQUIRED
354,354,11,https://www.fsd.tuni.fi/en,https://services.fsd.tuni.fi/catalogue/FSD2198,<files_not_downloaded>,unknown,FAILED_LOGIN_REQUIRED
355,355,11,https://www.fsd.tuni.fi/en,https://services.fsd.tuni.fi/catalogue/FSD3735,<files_not_downloaded>,unknown,FAILED_LOGIN_REQUIRED
356,356,11,https://www.fsd.tuni.fi/en,https://services.fsd.tuni.fi/catalogue/FSD2551,<files_not_downloaded>,unknown,FAILED_LOGIN_REQUIRED
357,357,11,https://www.fsd.tuni.fi/en,https://services.fsd.tuni.fi/catalogue/FSD3040,<files_not_downloaded>,unknown,FAILED_LOGIN_REQUIRED
358,358,11,https://www.fsd.tuni.fi/en,https://services.fsd.tuni.fi/catalogue/FSD3750,<files_not_downloaded>,unknown,FAILED_LOGIN_REQUIRED
359,359,11,https://www.fsd.tuni.fi/en,https://services.fsd.tuni.fi/catalogue/FSD1012,<files_not_downloaded>,unknown,FAILED_LOGIN_REQUIRED
360,360,11,https://www.fsd.tuni.fi/en,https://services.fsd.tuni.fi/catalogue/FSD3798,<files_not_downloaded>,unknown,FAILED_LOGIN_REQUIRED
361,361,11,https://www.fsd.tuni.fi/en,https://services.fsd.tuni.fi/catalogue/FSD2690,<files_not_downloaded>,unknown,FAILED_LOGIN_REQUIRED
362,362,11,https://www.fsd.tuni.fi/en,https://services.fsd.tuni.fi/catalogue/FSD2844,<files_not_downloaded>,unknown,FAILED_LOGIN_REQUIRED
363,363,11,https://www.fsd.tuni.fi/en,https://services.fsd.tuni.fi/catalogue/FSD3467,<files_not_downloaded>,unknown,FAILED_LOGIN_REQUIRED
364,364,11,https://www.fsd.tuni.fi/en,https://services.fsd.tuni.fi/catalogue/FSD3368,<files_not_downloaded>,unknown,FAILED_LOGIN_REQUIRED
365,365,11,https://www.fsd.tuni.fi/en,https://services.fsd.tuni.fi/catalogue/FSD3465,<files_not_downloaded>,unknown,FAILED_LOGIN_REQUIRED
366,366,11,https://www.fsd.tuni.fi/en,https://services.fsd.tuni.fi/catalogue/FSD3140,<files_not_downloaded>,unknown,FAILED_LOGIN_REQUIRED
367,367,11,https://www.fsd.tuni.fi/en,https://services.fsd.tuni.fi/catalogue/FSD1119,<files_not_downloaded>,unknown,FAILED_LOGIN_REQUIRED
368,368,11,https://www.fsd.tuni.fi/en,https://services.fsd.tuni.fi/catalogue/FSD3000,<files_not_downloaded>,unknown,FAILED_LOGIN_REQUIRED
369,369,11,https://www.fsd.tuni.fi/en,https://services.fsd.tuni.fi/catalogue/FSD2323,<files_not_downloaded>,unknown,FAILED_LOGIN_REQUIRED
370,370,11,https://www.fsd.tuni.fi/en,https://services.fsd.tuni.fi/catalogue/FSD2584,<files_not_downloaded>,unknown,FAILED_LOGIN_REQUIRED
371,371,11,https://www.fsd.tuni.fi/en,https://services.fsd.tuni.fi/catalogue/FSD2997,<files_not_downloaded>,unknown,FAILED_LOGIN_REQUIRED
372,372,11,https://www.fsd.tuni.fi/en,https://services.fsd.tuni.fi/catalogue/FSD3895,<files_not_downloaded>,unknown,FAILED_LOGIN_REQUIRED
373,373,11,https://www.fsd.tuni.fi/en,https://services.fsd.tuni.fi/catalogue/FSD2512,<files_not_downloaded>,unknown,FAILED_LOGIN_REQUIRED
374,374,11,https://www.fsd.tuni.fi/en,https://services.fsd.tuni.fi/catalogue/FSD2926,<files_not_downloaded>,unknown,FAILED_LOGIN_REQUIRED
375,375,11,https://www.fsd.tuni.fi/en,https://services.fsd.tuni.fi/catalogue/FSD3525,<files_not_downloaded>,unknown,FAILED_LOGIN_REQUIRED
376,376,11,https://www.fsd.tuni.fi/en,https://services.fsd.tuni.fi/catalogue/FSD3838,<files_not_downloaded>,unknown,FAILED_LOGIN_REQUIRED
377,377,11,https://www.fsd.tuni.fi/en,https://services.fsd.tuni.fi/catalogue/FSD3064,<files_not_downloaded>,unknown,FAILED_LOGIN_REQUIRED
378,378,11,https://www.fsd.tuni.fi/en,https://services.fsd.tuni.fi/catalogue/FSD4038,<files_not_downloaded>,unknown,FAILED_LOGIN_REQUIRED
379,379,11,https://www.fsd.tuni.fi/en,https://services.fsd.tuni.fi/catalogue/FSD3208,FSD3208.zip,zip,FAILED_LOGIN_REQUIRED
380,380,11,https://www.fsd.tuni.fi/en,https://services.fsd.tuni.fi/catalogue/FSD1222,<files_not_downloaded>,unknown,FAILED_LOGIN_REQUIRED
381,381,11,https://www.fsd.tuni.fi/en,https://services.fsd.tuni.fi/catalogue/FSD3365,<files_not_downloaded>,unknown,FAILED_LOGIN_REQUIRED
382,382,11,https://www.fsd.tuni.fi/en,https://services.fsd.tuni.fi/catalogue/FSD2144,<files_not_downloaded>,unknown,FAILED_LOGIN_REQUIRED
383,383,11,https://www.fsd.tuni.fi/en,https://services.fsd.tuni.fi/catalogue/FSD3693,<files_not_downloaded>,unknown,FAILED_LOGIN_REQUIRED
384,384,11,https://www.fsd.tuni.fi/en,https://services.fsd.tuni.fi/catalogue/FSD3126,<files_not_downloaded>,unknown,FAILED_LOGIN_REQUIRED
385,385,11,https://www.fsd.tuni.fi/en,https://services.fsd.tuni.fi/catalogue/FSD3653,<files_not_downloaded>,unknown,FAILED_LOGIN_REQUIRED
386,386,11,https://www.fsd.tuni.fi/en,https://services.fsd.tuni.fi/catalogue/FSD3244,<files_not_downloaded>,unknown,FAILED_LOGIN_REQUIRED
387,387,11,https://www.fsd.tuni.fi/en,https://services.fsd.tuni.fi/catalogue/FSD2775,<files_not_downloaded>,unknown,FAILED_LOGIN_REQUIRED
388,388,11,https://www.fsd.tuni.fi/en,https://services.fsd.tuni.fi/catalogue/FSD2815,<files_not_downloaded>,unknown,FAILED_LOGIN_REQUIRED
389,389,11,https://www.fsd.tuni.fi/en,https://services.fsd.tuni.fi/catalogue/FSD2360,<files_not_downloaded>,unknown,FAILED_LOGIN_REQUIRED
390,390,11,https://www.fsd.tuni.fi/en,https://services.fsd.tuni.fi/catalogue/FSD3362,<files_not_downloaded>,unknown,FAILED_LOGIN_REQUIRED
391,391,11,https://www.fsd.tuni.fi/en,https://services.fsd.tuni.fi/catalogue/FSD3304,<files_not_downloaded>,unknown,FAILED_LOGIN_REQUIRED
392,392,11,https://www.fsd.tuni.fi/en,https://services.fsd.tuni.fi/catalogue/FSD2660,<files_not_downloaded>,unknown,FAILED_LOGIN_REQUIRED
393,393,11,https://www.fsd.tuni.fi/en,https://services.fsd.tuni.fi/catalogue/FSD2748,<files_not_downloaded>,unknown,FAILED_LOGIN_REQUIRED
394,394,11,https://www.fsd.tuni.fi/en,https://services.fsd.tuni.fi/catalogue/FSD2359,<files_not_downloaded>,unknown,FAILED_LOGIN_REQUIRED
395,395,11,https://www.fsd.tuni.fi/en,https://services.fsd.tuni.fi/catalogue/FSD3655,<files_not_downloaded>,unknown,FAILED_LOGIN_REQUIRED
396,396,11,https://www.fsd.tuni.fi/en,https://services.fsd.tuni.fi/catalogue/FSD3154,<files_not_downloaded>,unknown,FAILED_LOGIN_REQUIRED
397,397,11,https://www.fsd.tuni.fi/en,https://services.fsd.tuni.fi/catalogue/FSD3617,<files_not_downloaded>,unknown,FAILED_LOGIN_REQUIRED
398,398,11,https://www.fsd.tuni.fi/en,https://services.fsd.tuni.fi/catalogue/FSD4016,<files_not_downloaded>,unknown,FAILED_LOGIN_REQUIRED
399,399,11,https://www.fsd.tuni.fi/en,https://services.fsd.tuni.fi/catalogue/FSD2768,<files_not_downloaded>,unknown,FAILED_LOGIN_REQUIRED
400,400,11,https://www.fsd.tuni.fi/en,https://services.fsd.tuni.fi/catalogue/FSD3538,<files_not_downloaded>,unknown,FAILED_LOGIN_REQUIRED
401,401,11,https://www.fsd.tuni.fi/en,https://services.fsd.tuni.fi/catalogue/FSD3437,<files_not_downloaded>,unknown,FAILED_LOGIN_REQUIRED
402,402,11,https://www.fsd.tuni.fi/en,https://services.fsd.tuni.fi/catalogue/FSD2395,<files_not_downloaded>,unknown,FAILED_LOGIN_REQUIRED
403,403,11,https://www.fsd.tuni.fi/en,https://services.fsd.tuni.fi/catalogue/FSD3584,<files_not_downloaded>,unknown,FAILED_LOGIN_REQUIRED
404,404,11,https://www.fsd.tuni.fi/en,https://services.fsd.tuni.fi/catalogue/FSD1282,<files_not_downloaded>,unknown,FAILED_LOGIN_REQUIRED
405,405,11,https://www.fsd.tuni.fi/en,https://services.fsd.tuni.fi/catalogue/FSD3375,<files_not_downloaded>,unknown,FAILED_LOGIN_REQUIRED
406,406,11,https://www.fsd.tuni.fi/en,https://services.fsd.tuni.fi/catalogue/FSD3289,<files_not_downloaded>,unknown,FAILED_LOGIN_REQUIRED
407,407,11,https://www.fsd.tuni.fi/en,https://services.fsd.tuni.fi/catalogue/FSD3267,<files_not_downloaded>,unknown,FAILED_LOGIN_REQUIRED
408,408,11,https://www.fsd.tuni.fi/en,https://services.fsd.tuni.fi/catalogue/FSD2714,<files_not_downloaded>,unknown,FAILED_LOGIN_REQUIRED
409,409,11,https://www.fsd.tuni.fi/en,https://services.fsd.tuni.fi/catalogue/FSD3760,<files_not_downloaded>,unknown,FAILED_LOGIN_REQUIRED
410,410,11,https://www.fsd.tuni.fi/en,https://services.fsd.tuni.fi/catalogue/FSD2692,<files_not_downloaded>,unknown,FAILED_LOGIN_REQUIRED
411,411,11,https://www.fsd.tuni.fi/en,https://services.fsd.tuni.fi/catalogue/FSD3296,<files_not_downloaded>,unknown,FAILED_LOGIN_REQUIRED
412,412,11,https://www.fsd.tuni.fi/en,https://services.fsd.tuni.fi/catalogue/FSD2810,<files_not_downloaded>,unknown,FAILED_LOGIN_REQUIRED
413,413,11,https://www.fsd.tuni.fi/en,https://services.fsd.tuni.fi/catalogue/FSD2206,<files_not_downloaded>,unknown,FAILED_LOGIN_REQUIRED
414,414,11,https://www.fsd.tuni.fi/en,https://services.fsd.tuni.fi/catalogue/FSD2632,<files_not_downloaded>,unknown,FAILED_LOGIN_REQUIRED
415,415,11,https://www.fsd.tuni.fi/en,https://services.fsd.tuni.fi/catalogue/FSD3226,<files_not_downloaded>,unknown,FAILED_LOGIN_REQUIRED
416,416,11,https://www.fsd.tuni.fi/en,https://services.fsd.tuni.fi/catalogue/FSD2920,<files_not_downloaded>,unknown,FAILED_LOGIN_REQUIRED
417,417,11,https://www.fsd.tuni.fi/en,https://services.fsd.tuni.fi/catalogue/FSD2505,<files_not_downloaded>,unknown,FAILED_LOGIN_REQUIRED
418,418,11,https://www.fsd.tuni.fi/en,https://services.fsd.tuni.fi/catalogue/FSD2194,<files_not_downloaded>,unknown,FAILED_LOGIN_REQUIRED
419,419,11,https://www.fsd.tuni.fi/en,https://services.fsd.tuni.fi/catalogue/FSD2306,<files_not_downloaded>,unknown,FAILED_LOGIN_REQUIRED
420,420,11,https://www.fsd.tuni.fi/en,https://services.fsd.tuni.fi/catalogue/FSD2824,<files_not_downloaded>,unknown,FAILED_LOGIN_REQUIRED
421,421,11,https://www.fsd.tuni.fi/en,https://services.fsd.tuni.fi/catalogue/FSD2531,<files_not_downloaded>,unknown,FAILED_LOGIN_REQUIRED
422,422,11,https://www.fsd.tuni.fi/en,https://services.fsd.tuni.fi/catalogue/FSD2960,<files_not_downloaded>,unknown,FAILED_LOGIN_REQUIRED
423,423,11,https://www.fsd.tuni.fi/en,https://services.fsd.tuni.fi/catalogue/FSD3406,<files_not_downloaded>,unknown,FAILED_LOGIN_REQUIRED
424,424,11,https://www.fsd.tuni.fi/en,https://services.fsd.tuni.fi/catalogue/FSD2955,<files_not_downloaded>,unknown,FAILED_LOGIN_REQUIRED
425,425,11,https://www.fsd.tuni.fi/en,https://services.fsd.tuni.fi/catalogue/FSD2617,<files_not_downloaded>,unknown,FAILED_LOGIN_REQUIRED
426,426,11,https://www.fsd.tuni.fi/en,https://services.fsd.tuni.fi/catalogue/FSD3331,<files_not_downloaded>,unknown,FAILED_LOGIN_REQUIRED
427,427,11,https://www.fsd.tuni.fi/en,https://services.fsd.tuni.fi/catalogue/FSD3945,<files_not_downloaded>,unknown,FAILED_LOGIN_REQUIRED
428,428,11,https://www.fsd.tuni.fi/en,https://services.fsd.tuni.fi/catalogue/FSD2142,<files_not_downloaded>,unknown,FAILED_LOGIN_REQUIRED
429,429,11,https://www.fsd.tuni.fi/en,https://services.fsd.tuni.fi/catalogue/FSD2307,<files_not_downloaded>,unknown,FAILED_LOGIN_REQUIRED
430,430,11,https://www.fsd.tuni.fi/en,https://services.fsd.tuni.fi/catalogue/FSD3391,<files_not_downloaded>,unknown,FAILED_LOGIN_REQUIRED
431,431,11,https://www.fsd.tuni.fi/en,https://services.fsd.tuni.fi/catalogue/FSD2691,<files_not_downloaded>,unknown,FAILED_LOGIN_REQUIRED
432,432,11,https://www.fsd.tuni.fi/en,https://services.fsd.tuni.fi/catalogue/FSD3996,<files_not_downloaded>,unknown,FAILED_LOGIN_REQUIRED
433,433,11,https://www.fsd.tuni.fi/en,https://services.fsd.tuni.fi/catalogue/FSD3079,<files_not_downloaded>,unknown,FAILED_LOGIN_REQUIRED
434,434,11,https://www.fsd.tuni.fi/en,https://services.fsd.tuni.fi/catalogue/FSD2964,<files_not_downloaded>,unknown,FAILED_LOGIN_REQUIRED
435,435,11,https://www.fsd.tuni.fi/en,https://services.fsd.tuni.fi/catalogue/FSD3695,<files_not_downloaded>,unknown,FAILED_LOGIN_REQUIRED
436,436,11,https://www.fsd.tuni.fi/en,https://services.fsd.tuni.fi/catalogue/FSD2663,<files_not_downloaded>,unknown,FAILED_LOGIN_REQUIRED
437,437,11,https://www.fsd.tuni.fi/en,https://services.fsd.tuni.fi/catalogue/FSD2742,<files_not_downloaded>,unknown,FAILED_LOGIN_REQUIRED
438,438,11,https://www.fsd.tuni.fi/en,https://services.fsd.tuni.fi/catalogue/FSD3363,<files_not_downloaded>,unknown,FAILED_LOGIN_REQUIRED
439,439,11,https://www.fsd.tuni.fi/en,https://services.fsd.tuni.fi/catalogue/FSD2946,<files_not_downloaded>,unknown,FAILED_LOGIN_REQUIRED
440,440,11,https://www.fsd.tuni.fi/en,https://services.fsd.tuni.fi/catalogue/FSD2979,<files_not_downloaded>,unknown,FAILED_LOGIN_REQUIRED
441,441,11,https://www.fsd.tuni.fi/en,https://services.fsd.tuni.fi/catalogue/FSD2780,<files_not_downloaded>,unknown,FAILED_LOGIN_REQUIRED
442,442,11,https://www.fsd.tuni.fi/en,https://services.fsd.tuni.fi/catalogue/FSD3608,<files_not_downloaded>,unknown,FAILED_LOGIN_REQUIRED
443,443,11,https://www.fsd.tuni.fi/en,https://services.fsd.tuni.fi/catalogue/FSD2527,<files_not_downloaded>,unknown,FAILED_LOGIN_REQUIRED
444,444,11,https://www.fsd.tuni.fi/en,https://services.fsd.tuni.fi/catalogue/FSD2463,<files_not_downloaded>,unknown,FAILED_LOGIN_REQUIRED
445,445,11,https://www.fsd.tuni.fi/en,https://services.fsd.tuni.fi/catalogue/FSD3768,<files_not_downloaded>,unknown,FAILED_LOGIN_REQUIRED
446,446,11,https://www.fsd.tuni.fi/en,https://services.fsd.tuni.fi/catalogue/FSD2664,<files_not_downloaded>,unknown,FAILED_LOGIN_REQUIRED
447,447,11,https://www.fsd.tuni.fi/en,https://services.fsd.tuni.fi/catalogue/FSD1010,<files_not_downloaded>,unknown,FAILED_LOGIN_REQUIRED
448,448,11,https://www.fsd.tuni.fi/en,https://services.fsd.tuni.fi/catalogue/FSD3302,<files_not_downloaded>,unknown,FAILED_LOGIN_REQUIRED
449,449,11,https://www.fsd.tuni.fi/en,https://services.fsd.tuni.fi/catalogue/FSD2580,<files_not_downloaded>,unknown,FAILED_LOGIN_REQUIRED
450,450,11,https://www.fsd.tuni.fi/en,https://services.fsd.tuni.fi/catalogue/FSD2745,<files_not_downloaded>,unknown,FAILED_LOGIN_REQUIRED
451,451,11,https://www.fsd.tuni.fi/en,https://services.fsd.tuni.fi/catalogue/FSD2786,<files_not_downloaded>,unknown,FAILED_LOGIN_REQUIRED
452,452,11,https://www.fsd.tuni.fi/en,https://services.fsd.tuni.fi/catalogue/FSD2776,<files_not_downloaded>,unknown,FAILED_LOGIN_REQUIRED
453,453,11,https://www.fsd.tuni.fi/en,https://services.fsd.tuni.fi/catalogue/FSD3096,<files_not_downloaded>,unknown,FAILED_LOGIN_REQUIRED
454,454,11,https://www.fsd.tuni.fi/en,https://services.fsd.tuni.fi/catalogue/FSD2197,<files_not_downloaded>,unknown,FAILED_LOGIN_REQUIRED
455,455,11,https://www.fsd.tuni.fi/en,https://services.fsd.tuni.fi/catalogue/FSD3974,<files_not_downloaded>,unknown,FAILED_LOGIN_REQUIRED
456,456,11,https://www.fsd.tuni.fi/en,https://services.fsd.tuni.fi/catalogue/FSD3214,<files_not_downloaded>,unknown,FAILED_LOGIN_REQUIRED
457,457,11,https://www.fsd.tuni.fi/en,https://services.fsd.tuni.fi/catalogue/FSD3571,<files_not_downloaded>,unknown,FAILED_LOGIN_REQUIRED
458,458,11,https://www.fsd.tuni.fi/en,https://services.fsd.tuni.fi/catalogue/FSD3939,<files_not_downloaded>,unknown,FAILED_LOGIN_REQUIRED
459,459,11,https://www.fsd.tuni.fi/en,https://services.fsd.tuni.fi/catalogue/FSD3910,<files_not_downloaded>,unknown,FAILED_LOGIN_REQUIRED
460,460,11,https://www.fsd.tuni.fi/en,https://services.fsd.tuni.fi/catalogue/FSD3359,<files_not_downloaded>,unknown,FAILED_LOGIN_REQUIRED
461,461,11,https://www.fsd.tuni.fi/en,https://services.fsd.tuni.fi/catalogue/FSD1019,<files_not_downloaded>,unknown,FAILED_LOGIN_REQUIRED
462,462,11,https://www.fsd.tuni.fi/en,https://services.fsd.tuni.fi/catalogue/FSD2661,<files_not_downloaded>,unknown,FAILED_LOGIN_REQUIRED
463,463,11,https://www.fsd.tuni.fi/en,https://services.fsd.tuni.fi/catalogue/FSD1325,<files_not_downloaded>,unknown,FAILED_LOGIN_REQUIRED
464,464,11,https://www.fsd.tuni.fi/en,https://services.fsd.tuni.fi/catalogue/FSD2653,<files_not_downloaded>,unknown,FAILED_LOGIN_REQUIRED
465,465,11,https://www.fsd.tuni.fi/en,https://services.fsd.tuni.fi/catalogue/FSD2845,<files_not_downloaded>,unknown,FAILED_LOGIN_REQUIRED
466,466,11,https://www.fsd.tuni.fi/en,https://services.fsd.tuni.fi/catalogue/FSD3954,<files_not_downloaded>,unknown,FAILED_LOGIN_REQUIRED
467,467,11,https://www.fsd.tuni.fi/en,https://services.fsd.tuni.fi/catalogue/FSD2101,<files_not_downloaded>,unknown,FAILED_LOGIN_REQUIRED
468,468,11,https://www.fsd.tuni.fi/en,https://services.fsd.tuni.fi/catalogue/FSD3876,<files_not_downloaded>,unknown,FAILED_LOGIN_REQUIRED
469,469,11,https://www.fsd.tuni.fi/en,https://services.fsd.tuni.fi/catalogue/FSD3732,<files_not_downloaded>,unknown,FAILED_LOGIN_REQUIRED
470,470,11,https://www.fsd.tuni.fi/en,https://services.fsd.tuni.fi/catalogue/FSD3069,<files_not_downloaded>,unknown,FAILED_LOGIN_REQUIRED
471,471,11,https://www.fsd.tuni.fi/en,https://services.fsd.tuni.fi/catalogue/FSD3956,<files_not_downloaded>,unknown,FAILED_LOGIN_REQUIRED
472,472,11,https://www.fsd.tuni.fi/en,https://services.fsd.tuni.fi/catalogue/FSD3519,<files_not_downloaded>,unknown,FAILED_LOGIN_REQUIRED
473,473,11,https://www.fsd.tuni.fi/en,https://services.fsd.tuni.fi/catalogue/FSD1249,FSD1249.zip,zip,FAILED_LOGIN_REQUIRED
474,474,11,https://www.fsd.tuni.fi/en,https://services.fsd.tuni.fi/catalogue/FSD2299,<files_not_downloaded>,unknown,FAILED_LOGIN_REQUIRED
475,475,11,https://www.fsd.tuni.fi/en,https://services.fsd.tuni.fi/catalogue/FSD3476,<files_not_downloaded>,unknown,FAILED_LOGIN_REQUIRED
476,476,11,https://www.fsd.tuni.fi/en,https://services.fsd.tuni.fi/catalogue/FSD2781,<files_not_downloaded>,unknown,FAILED_LOGIN_REQUIRED
477,477,11,https://www.fsd.tuni.fi/en,https://services.fsd.tuni.fi/catalogue/FSD2221,<files_not_downloaded>,unknown,FAILED_LOGIN_REQUIRED
478,478,11,https://www.fsd.tuni.fi/en,https://services.fsd.tuni.fi/catalogue/FSD3545,<files_not_downloaded>,unknown,FAILED_LOGIN_REQUIRED
479,479,11,https://www.fsd.tuni.fi/en,https://services.fsd.tuni.fi/catalogue/FSD2885,<files_not_downloaded>,unknown,FAILED_LOGIN_REQUIRED
480,480,11,https://www.fsd.tuni.fi/en,https://services.fsd.tuni.fi/catalogue/FSD3696,<files_not_downloaded>,unknown,FAILED_LOGIN_REQUIRED
481,481,11,https://www.fsd.tuni.fi/en,https://services.fsd.tuni.fi/catalogue/FSD3972,<files_not_downloaded>,unknown,FAILED_LOGIN_REQUIRED
482,482,11,https://www.fsd.tuni.fi/en,https://services.fsd.tuni.fi/catalogue/FSD2318,<files_not_downloaded>,unknown,FAILED_LOGIN_REQUIRED
483,483,11,https://www.fsd.tuni.fi/en,https://services.fsd.tuni.fi/catalogue/FSD2843,<files_not_downloaded>,unknown,FAILED_LOGIN_REQUIRED
484,484,11,https://www.fsd.tuni.fi/en,https://services.fsd.tuni.fi/catalogue/FSD2667,<files_not_downloaded>,unknown,FAILED_LOGIN_REQUIRED
485,485,11,https://www.fsd.tuni.fi/en,https://services.fsd.tuni.fi/catalogue/FSD2387,<files_not_downloaded>,unknown,FAILED_LOGIN_REQUIRED
486,486,11,https://www.fsd.tuni.fi/en,https://services.fsd.tuni.fi/catalogue/FSD3940,<files_not_downloaded>,unknown,FAILED_LOGIN_REQUIRED
487,487,11,https://www.fsd.tuni.fi/en,https://services.fsd.tuni.fi/catalogue/FSD2656,<files_not_downloaded>,unknown,FAILED_LOGIN_REQUIRED
488,488,11,https://www.fsd.tuni.fi/en,https://services.fsd.tuni.fi/catalogue/FSD1110,<files_not_downloaded>,unknown,FAILED_LOGIN_REQUIRED
489,489,11,https://www.fsd.tuni.fi/en,https://services.fsd.tuni.fi/catalogue/FSD2884,<files_not_downloaded>,unknown,FAILED_LOGIN_REQUIRED
490,490,11,https://www.fsd.tuni.fi/en,https://services.fsd.tuni.fi/catalogue/FSD2253,<files_not_downloaded>,unknown,FAILED_LOGIN_REQUIRED
491,491,11,https://www.fsd.tuni.fi/en,https://services.fsd.tuni.fi/catalogue/FSD3892,FSD3892.zip,zip,FAILED_LOGIN_REQUIRED
492,492,11,https://www.fsd.tuni.fi/en,https://services.fsd.tuni.fi/catalogue/FSD2746,<files_not_downloaded>,unknown,FAILED_LOGIN_REQUIRED
493,493,11,https://www.fsd.tuni.fi/en,https://services.fsd.tuni.fi/catalogue/FSD3145,<files_not_downloaded>,unknown,FAILED_LOGIN_REQUIRED
494,494,11,https://www.fsd.tuni.fi/en,https://services.fsd.tuni.fi/catalogue/FSD2888,<files_not_downloaded>,unknown,FAILED_LOGIN_REQUIRED
495,495,11,https://www.fsd.tuni.fi/en,https://services.fsd.tuni.fi/catalogue/FSD3705,<files_not_downloaded>,unknown,FAILED_LOGIN_REQUIRED
496,496,11,https://www.fsd.tuni.fi/en,https://services.fsd.tuni.fi/catalogue/FSD3576,<files_not_downloaded>,unknown,FAILED_LOGIN_REQUIRED
497,497,11,https://www.fsd.tuni.fi/en,https://services.fsd.tuni.fi/catalogue/FSD4024,<files_not_downloaded>,unknown,FAILED_LOGIN_REQUIRED
498,498,11,https://www.fsd.tuni.fi/en,https://services.fsd.tuni.fi/catalogue/FSD2182,<files_not_downloaded>,unknown,FAILED_LOGIN_REQUIRED
499,499,11,https://www.fsd.tuni.fi/en,https://services.fsd.tuni.fi/catalogue/FSD3385,<files_not_downloaded>,unknown,FAILED_LOGIN_REQUIRED
500,500,11,https://www.fsd.tuni.fi/en,https://services.fsd.tuni.fi/catalogue/FSD3858,<files_not_downloaded>,unknown,FAILED_LOGIN_REQUIRED
501,501,11,https://www.fsd.tuni.fi/en,https://services.fsd.tuni.fi/catalogue/FSD2913,<files_not_downloaded>,unknown,FAILED_LOGIN_REQUIRED
502,502,11,https://www.fsd.tuni.fi/en,https://services.fsd.tuni.fi/catalogue/FSD2717,<files_not_downloaded>,unknown,FAILED_LOGIN_REQUIRED
503,503,11,https://www.fsd.tuni.fi/en,https://services.fsd.tuni.fi/catalogue/FSD3295,<files_not_downloaded>,unknown,FAILED_LOGIN_REQUIRED
504,504,11,https://www.fsd.tuni.fi/en,https://services.fsd.tuni.fi/catalogue/FSD2666,<files_not_downloaded>,unknown,FAILED_LOGIN_REQUIRED
505,505,11,https://www.fsd.tuni.fi/en,https://services.fsd.tuni.fi/catalogue/FSD3225,<files_not_downloaded>,unknown,FAILED_LOGIN_REQUIRED
506,506,11,https://www.fsd.tuni.fi/en,https://services.fsd.tuni.fi/catalogue/FSD3850,<files_not_downloaded>,unknown,FAILED_LOGIN_REQUIRED
507,507,11,https://www.fsd.tuni.fi/en,https://services.fsd.tuni.fi/catalogue/FSD2755,<files_not_downloaded>,unknown,FAILED_LOGIN_REQUIRED
508,508,11,https://www.fsd.tuni.fi/en,https://services.fsd.tuni.fi/catalogue/FSD2759,<files_not_downloaded>,unknown,FAILED_LOGIN_REQUIRED
509,509,11,https://www.fsd.tuni.fi/en,https://services.fsd.tuni.fi/catalogue/FSD1293,<files_not_downloaded>,unknown,FAILED_LOGIN_REQUIRED
510,510,11,https://www.fsd.tuni.fi/en,https://services.fsd.tuni.fi/catalogue/FSD2291,<files_not_downloaded>,unknown,FAILED_LOGIN_REQUIRED
511,511,11,https://www.fsd.tuni.fi/en,https://services.fsd.tuni.fi/catalogue/FSD2882,<files_not_downloaded>,unknown,FAILED_LOGIN_REQUIRED
512,512,11,https://www.fsd.tuni.fi/en,https://services.fsd.tuni.fi/catalogue/FSD3403,<files_not_downloaded>,unknown,FAILED_LOGIN_REQUIRED
513,513,11,https://www.fsd.tuni.fi/en,https://services.fsd.tuni.fi/catalogue/FSD4012,<files_not_downloaded>,unknown,FAILED_LOGIN_REQUIRED
514,514,11,https://www.fsd.tuni.fi/en,https://services.fsd.tuni.fi/catalogue/FSD2173,<files_not_downloaded>,unknown,FAILED_LOGIN_REQUIRED
515,515,11,https://www.fsd.tuni.fi/en,https://services.fsd.tuni.fi/catalogue/FSD3299,<files_not_downloaded>,unknown,FAILED_LOGIN_REQUIRED
516,516,11,https://www.fsd.tuni.fi/en,https://services.fsd.tuni.fi/catalogue/FSD3367,<files_not_downloaded>,unknown,FAILED_LOGIN_REQUIRED
517,517,11,https://www.fsd.tuni.fi/en,https://services.fsd.tuni.fi/catalogue/FSD2151,<files_not_downloaded>,unknown,FAILED_LOGIN_REQUIRED
518,518,11,https://www.fsd.tuni.fi/en,https://services.fsd.tuni.fi/catalogue/FSD2506,<files_not_downloaded>,unknown,FAILED_LOGIN_REQUIRED
519,519,11,https://www.fsd.tuni.fi/en,https://services.fsd.tuni.fi/catalogue/FSD2371,<files_not_downloaded>,unknown,FAILED_LOGIN_REQUIRED
520,520,11,https://www.fsd.tuni.fi/en,https://services.fsd.tuni.fi/catalogue/FSD2739,<files_not_downloaded>,unknown,FAILED_LOGIN_REQUIRED
521,521,11,https://www.fsd.tuni.fi/en,https://services.fsd.tuni.fi/catalogue/FSD1090,<files_not_downloaded>,unknown,FAILED_LOGIN_REQUIRED
522,522,11,https://www.fsd.tuni.fi/en,https://services.fsd.tuni.fi/catalogue/FSD3998,<files_not_downloaded>,unknown,FAILED_LOGIN_REQUIRED
523,523,11,https://www.fsd.tuni.fi/en,https://services.fsd.tuni.fi/catalogue/FSD2749,<files_not_downloaded>,unknown,FAILED_LOGIN_REQUIRED
524,524,11,https://www.fsd.tuni.fi/en,https://services.fsd.tuni.fi/catalogue/FSD3360,<files_not_downloaded>,unknown,FAILED_LOGIN_REQUIRED
525,525,11,https://www.fsd.tuni.fi/en,https://services.fsd.tuni.fi/catalogue/FSD2883,<files_not_downloaded>,unknown,FAILED_LOGIN_REQUIRED
526,526,11,https://www.fsd.tuni.fi/en,https://services.fsd.tuni.fi/catalogue/FSD2747,<files_not_downloaded>,unknown,FAILED_LOGIN_REQUIRED
527,527,11,https://www.fsd.tuni.fi/en,https://services.fsd.tuni.fi/catalogue/FSD2752,<files_not_downloaded>,unknown,FAILED_LOGIN_REQUIRED
528,528,11,https://www.fsd.tuni.fi/en,https://services.fsd.tuni.fi/catalogue/FSD2059,<files_not_downloaded>,unknown,FAILED_LOGIN_REQUIRED
529,529,11,https://www.fsd.tuni.fi/en,https://services.fsd.tuni.fi/catalogue/FSD2693,<files_not_downloaded>,unknown,FAILED_LOGIN_REQUIRED
530,530,11,https://www.fsd.tuni.fi/en,https://services.fsd.tuni.fi/catalogue/FSD2141,<files_not_downloaded>,unknown,FAILED_LOGIN_REQUIRED
531,531,11,https://www.fsd.tuni.fi/en,https://services.fsd.tuni.fi/catalogue/FSD3426,<files_not_downloaded>,unknown,FAILED_LOGIN_REQUIRED
532,532,11,https://www.fsd.tuni.fi/en,https://services.fsd.tuni.fi/catalogue/FSD3603,<files_not_downloaded>,unknown,FAILED_LOGIN_REQUIRED
533,533,11,https://www.fsd.tuni.fi/en,https://services.fsd.tuni.fi/catalogue/FSD3351,<files_not_downloaded>,unknown,FAILED_LOGIN_REQUIRED
534,534,11,https://www.fsd.tuni.fi/en,https://services.fsd.tuni.fi/catalogue/FSD2764,<files_not_downloaded>,unknown,FAILED_LOGIN_REQUIRED
535,535,11,https://www.fsd.tuni.fi/en,https://services.fsd.tuni.fi/catalogue/FSD3343,<files_not_downloaded>,unknown,FAILED_LOGIN_REQUIRED
536,536,11,https://www.fsd.tuni.fi/en,https://services.fsd.tuni.fi/catalogue/FSD3524,FSD3524.zip,zip,FAILED_LOGIN_REQUIRED
537,537,11,https://www.fsd.tuni.fi/en,https://services.fsd.tuni.fi/catalogue/FSD3411,<files_not_downloaded>,unknown,FAILED_LOGIN_REQUIRED
538,538,11,https://www.fsd.tuni.fi/en,https://services.fsd.tuni.fi/catalogue/FSD2784,<files_not_downloaded>,unknown,FAILED_LOGIN_REQUIRED
539,539,11,https://www.fsd.tuni.fi/en,https://services.fsd.tuni.fi/catalogue/FSD1304,<files_not_downloaded>,unknown,FAILED_LOGIN_REQUIRED
540,540,11,https://www.fsd.tuni.fi/en,https://services.fsd.tuni.fi/catalogue/FSD3282,<files_not_downloaded>,unknown,FAILED_LOGIN_REQUIRED
541,541,11,https://www.fsd.tuni.fi/en,https://services.fsd.tuni.fi/catalogue/FSD2426,<files_not_downloaded>,unknown,FAILED_LOGIN_REQUIRED
542,542,11,https://www.fsd.tuni.fi/en,https://services.fsd.tuni.fi/catalogue/FSD2394,<files_not_downloaded>,unknown,FAILED_LOGIN_REQUIRED
543,543,11,https://www.fsd.tuni.fi/en,https://services.fsd.tuni.fi/catalogue/FSD2203,<files_not_downloaded>,unknown,FAILED_LOGIN_REQUIRED
544,544,11,https://www.fsd.tuni.fi/en,https://services.fsd.tuni.fi/catalogue/FSD1005,<files_not_downloaded>,unknown,FAILED_LOGIN_REQUIRED
545,545,11,https://www.fsd.tuni.fi/en,https://services.fsd.tuni.fi/catalogue/FSD2172,<files_not_downloaded>,unknown,FAILED_LOGIN_REQUIRED
546,546,11,https://www.fsd.tuni.fi/en,https://services.fsd.tuni.fi/catalogue/FSD3019,<files_not_downloaded>,unknown,FAILED_LOGIN_REQUIRED
547,547,11,https://www.fsd.tuni.fi/en,https://services.fsd.tuni.fi/catalogue/FSD3294,<files_not_downloaded>,unknown,FAILED_LOGIN_REQUIRED
548,548,11,https://www.fsd.tuni.fi/en,https://services.fsd.tuni.fi/catalogue/FSD3361,<files_not_downloaded>,unknown,FAILED_LOGIN_REQUIRED
549,549,11,https://www.fsd.tuni.fi/en,https://services.fsd.tuni.fi/catalogue/FSD3514,<files_not_downloaded>,unknown,FAILED_LOGIN_REQUIRED
550,550,11,https://www.fsd.tuni.fi/en,https://services.fsd.tuni.fi/catalogue/FSD2518,<files_not_downloaded>,unknown,FAILED_LOGIN_REQUIRED
551,551,11,https://www.fsd.tuni.fi/en,https://services.fsd.tuni.fi/catalogue/FSD1015,<files_not_downloaded>,unknown,FAILED_LOGIN_REQUIRED
552,552,11,https://www.fsd.tuni.fi/en,https://services.fsd.tuni.fi/catalogue/FSD2471,<files_not_downloaded>,unknown,FAILED_LOGIN_REQUIRED
553,553,11,https://www.fsd.tuni.fi/en,https://services.fsd.tuni.fi/catalogue/FSD2716,<files_not_downloaded>,unknown,FAILED_LOGIN_REQUIRED
554,554,11,https://www.fsd.tuni.fi/en,https://services.fsd.tuni.fi/catalogue/FSD2403,<files_not_downloaded>,unknown,FAILED_LOGIN_REQUIRED
555,555,11,https://www.fsd.tuni.fi/en,https://services.fsd.tuni.fi/catalogue/FSD3619,<files_not_downloaded>,unknown,FAILED_LOGIN_REQUIRED
556,556,11,https://www.fsd.tuni.fi/en,https://services.fsd.tuni.fi/catalogue/FSD2965,<files_not_downloaded>,unknown,FAILED_LOGIN_REQUIRED
557,557,11,https://www.fsd.tuni.fi/en,https://services.fsd.tuni.fi/catalogue/FSD4013,<files_not_downloaded>,unknown,FAILED_LOGIN_REQUIRED
558,558,20,https://sikt.no/en/find-data,https://surveybanken.sikt.no/en/study/1839198c-7f48-4762-acf4-a8e52c9d031b/29,<files_not_downloaded>,unknown,FAILED_LOGIN_REQUIRED
559,559,20,https://sikt.no/en/find-data,https://surveybanken.sikt.no/en/study/19c53d74-36f2-4b45-a624-1790f817a808/10,<files_not_downloaded>,unknown,FAILED_LOGIN_REQUIRED
560,560,20,https://sikt.no/en/find-data,https://surveybanken.sikt.no/en/study/724e3e33-8bf6-427c-8dd6-9a7ee9e35158/13,<files_not_downloaded>,unknown,FAILED_LOGIN_REQUIRED
561,561,20,https://sikt.no/en/find-data,https://surveybanken.sikt.no/en/study/fabe9355-e9f8-4f8b-9366-d08900f219d6/4,<files_not_downloaded>,unknown,FAILED_LOGIN_REQUIRED
562,562,20,https://sikt.no/en/find-data,https://surveybanken.sikt.no/en/study/39c1f667-17c2-475b-9333-846f59666e32/16,<files_not_downloaded>,unknown,FAILED_LOGIN_REQUIRED
563,563,20,https://sikt.no/en/find-data,https://surveybanken.sikt.no/en/study/8ed7ee67-f1e3-4a3b-96cc-3684dbdb8318/8,<files_not_downloaded>,unknown,FAILED_LOGIN_REQUIRED
564,564,20,https://sikt.no/en/find-data,https://surveybanken.sikt.no/en/study/d5323d5f-2d7d-4e45-aef0-0a5263518656/22,<files_not_downloaded>,unknown,FAILED_LOGIN_REQUIRED
565,565,20,https://sikt.no/en/find-data,https://surveybanken.sikt.no/en/study/ae6282da-a890-4546-b2b7-b1f214a508b7/7,<files_not_downloaded>,unknown,FAILED_LOGIN_REQUIRED
566,566,20,https://sikt.no/en/find-data,https://surveybanken.sikt.no/en/study/c149e642-f75a-43bc-b678-c8a0b0e4e738/6,<files_not_downloaded>,unknown,FAILED_LOGIN_REQUIRED
567,567,20,https://sikt.no/en/find-data,https://surveybanken.sikt.no/en/study/c279bf89-8042-4f2d-b079-5c26b670de43/11,<files_not_downloaded>,unknown,FAILED_LOGIN_REQUIRED
568,568,20,https://sikt.no/en/find-data,https://surveybanken.sikt.no/en/study/66bd474b-5a19-475d-ab11-e896567809a2/11,<files_not_downloaded>,unknown,FAILED_LOGIN_REQUIRED
569,569,20,https://sikt.no/en/find-data,https://surveybanken.sikt.no/en/study/d78856d8-add5-46ec-92ca-1e0e6e8c3bb9/5,<files_not_downloaded>,unknown,FAILED_LOGIN_REQUIRED
570,570,20,https://sikt.no/en/find-data,https://surveybanken.sikt.no/en/study/aefbafcf-8218-4efe-82bc-8c375f128d6f/8,<files_not_downloaded>,unknown,FAILED_LOGIN_REQUIRED
571,571,20,https://sikt.no/en/find-data,https://surveybanken.sikt.no/en/study/13ef9fbe-4c23-42e9-9dda-866ed52d6509/6,<files_not_downloaded>,unknown,FAILED_LOGIN_REQUIRED
572,572,20,https://sikt.no/en/find-data,https://surveybanken.sikt.no/en/study/df2c9cc1-9e4d-4a5c-914c-35df70c33c92/8,<files_not_downloaded>,unknown,FAILED_LOGIN_REQUIRED
573,573,20,https://sikt.no/en/find-data,https://surveybanken.sikt.no/en/study/38fae6fe-ab79-43bf-b712-b9aaf8f4aa6c/6,<files_not_downloaded>,unknown,FAILED_LOGIN_REQUIRED
574,574,20,https://sikt.no/en/find-data,https://surveybanken.sikt.no/en/study/bc21992f-9ca4-44d3-bcfb-24aa6ac2fc9e/7,<files_not_downloaded>,unknown,FAILED_LOGIN_REQUIRED
575,575,20,https://sikt.no/en/find-data,https://surveybanken.sikt.no/en/study/c4e7c0ca-c140-407f-b789-9a3ae2802ea9/9,<files_not_downloaded>,unknown,FAILED_LOGIN_REQUIRED
576,576,20,https://sikt.no/en/find-data,https://surveybanken.sikt.no/en/study/49e6cb57-401a-4996-9b32-16f26ed02d65/5,<files_not_downloaded>,unknown,FAILED_LOGIN_REQUIRED
577,577,20,https://sikt.no/en/find-data,https://surveybanken.sikt.no/en/study/9ee929f2-6bfc-4a3a-a9af-76a83a38eb29/6,<files_not_downloaded>,unknown,FAILED_LOGIN_REQUIRED
578,578,20,https://sikt.no/en/find-data,https://surveybanken.sikt.no/en/study/ca814b20-0ddf-40d5-800d-78b35d4455eb/6,<files_not_downloaded>,unknown,FAILED_LOGIN_REQUIRED
579,579,20,https://sikt.no/en/find-data,https://surveybanken.sikt.no/en/study/142488f6-6ec3-419e-826f-e9ef3b304966/6,<files_not_downloaded>,unknown,FAILED_LOGIN_REQUIRED
580,580,20,https://sikt.no/en/find-data,https://surveybanken.sikt.no/en/study/00a68742-8bf8-4fd1-8093-913e53c33133/8,<files_not_downloaded>,unknown,FAILED_LOGIN_REQUIRED
581,581,20,https://sikt.no/en/find-data,https://surveybanken.sikt.no/en/study/58d3fd4a-636f-4c4b-9132-2e206dff90c7/9,<files_not_downloaded>,unknown,FAILED_LOGIN_REQUIRED
582,582,20,https://sikt.no/en/find-data,https://surveybanken.sikt.no/en/study/d5281063-8453-4332-ae9f-4e25bd2e4965/8,<files_not_downloaded>,unknown,FAILED_LOGIN_REQUIRED
583,583,20,https://sikt.no/en/find-data,https://surveybanken.sikt.no/en/study/58118d01-f302-4d0c-aa20-565ac24c5623/7,<files_not_downloaded>,unknown,FAILED_LOGIN_REQUIRED
584,584,20,https://sikt.no/en/find-data,https://surveybanken.sikt.no/en/study/d03a70f3-9668-4c95-aa9a-584d4ecf3fea/7,<files_not_downloaded>,unknown,FAILED_LOGIN_REQUIRED
585,585,20,https://sikt.no/en/find-data,https://surveybanken.sikt.no/en/study/ca53363c-6fc3-498a-a2fb-0a732322ee22/7,<files_not_downloaded>,unknown,FAILED_LOGIN_REQUIRED
586,586,20,https://sikt.no/en/find-data,https://surveybanken.sikt.no/en/study/265e97a7-6528-4987-8727-3014af6fe2ee/9,<files_not_downloaded>,unknown,FAILED_LOGIN_REQUIRED
587,587,20,https://sikt.no/en/find-data,https://surveybanken.sikt.no/en/study/39019eec-e8ea-4cce-9a39-c906a70a2e07/6,<files_not_downloaded>,unknown,FAILED_LOGIN_REQUIRED
