id,project_id,license
1,1,In accordance with the agreement between FSD and the depositor.
2,2,In accordance with the agreement between FSD and the depositor.
3,3,Tietoarkiston ja aineiston luovuttajan tekemän sopimuksen mukaisesti.
4,4,Tietoarkiston ja aineiston luovuttajan tekemän sopimuksen mukaisesti.
5,5,In accordance with the agreement between FSD and the depositor.
6,6,In accordance with the agreement between FSD and the depositor.
7,7,In accordance with the agreement between FSD and the depositor.
8,8,In accordance with the agreement between FSD and the depositor.
9,9,In accordance with the agreement between FSD and the depositor.
10,10,In accordance with the agreement between FSD and the depositor.
11,11,In accordance with the agreement between FSD and the depositor.
12,12,In accordance with the agreement between FSD and the depositor.
13,13,In accordance with the agreement between FSD and the depositor.
14,14,In accordance with the agreement between FSD and the depositor.
15,15,In accordance with the agreement between FSD and the depositor.
16,16,In accordance with the agreement between FSD and the depositor.
17,17,In accordance with the agreement between FSD and the depositor.
18,18,In accordance with the agreement between FSD and the depositor.
19,19,In accordance with the agreement between FSD and the depositor.
20,20,In accordance with the agreement between FSD and the depositor.
21,21,In accordance with the agreement between FSD and the depositor.
22,22,In accordance with the agreement between FSD and the depositor.
23,23,In accordance with the agreement between FSD and the depositor.
24,24,In accordance with the agreement between FSD and the depositor.
25,25,In accordance with the agreement between FSD and the depositor.
26,26,In accordance with the agreement between FSD and the depositor.
27,27,In accordance with the agreement between FSD and the depositor.
28,28,In accordance with the agreement between FSD and the depositor.
29,29,In accordance with the agreement between FSD and the depositor.
30,30,In accordance with the agreement between FSD and the depositor.
31,31,In accordance with the agreement between FSD and the depositor.
32,32,In accordance with the agreement between FSD and the depositor.
33,33,In accordance with the agreement between FSD and the depositor.
34,34,In accordance with the agreement between FSD and the depositor.
35,35,In accordance with the agreement between FSD and the depositor.
36,36,In accordance with the agreement between FSD and the depositor.
37,37,In accordance with the agreement between FSD and the depositor.
38,38,In accordance with the agreement between FSD and the depositor.
39,39,In accordance with the agreement between FSD and the depositor.
40,40,In accordance with the agreement between FSD and the depositor.
41,41,In accordance with the agreement between FSD and the depositor.
42,42,In accordance with the agreement between FSD and the depositor.
43,43,In accordance with the agreement between FSD and the depositor.
44,44,In accordance with the agreement between FSD and the depositor.
45,45,In accordance with the agreement between FSD and the depositor.
46,46,In accordance with the agreement between FSD and the depositor.
47,47,In accordance with the agreement between FSD and the depositor.
48,48,In accordance with the agreement between FSD and the depositor.
49,49,In accordance with the agreement between FSD and the depositor.
50,50,In accordance with the agreement between FSD and the depositor.
51,51,In accordance with the agreement between FSD and the depositor.
52,52,In accordance with the agreement between FSD and the depositor.
53,53,In accordance with the agreement between FSD and the depositor.
54,54,In accordance with the agreement between FSD and the depositor.
55,55,In accordance with the agreement between FSD and the depositor.
56,56,In accordance with the agreement between FSD and the depositor.
57,57,In accordance with the agreement between FSD and the depositor.
58,58,In accordance with the agreement between FSD and the depositor.
59,59,In accordance with the agreement between FSD and the depositor.
60,60,In accordance with the agreement between FSD and the depositor.
61,61,In accordance with the agreement between FSD and the depositor.
62,62,In accordance with the agreement between FSD and the depositor.
63,63,In accordance with the agreement between FSD and the depositor.
64,64,In accordance with the agreement between FSD and the depositor.
65,65,In accordance with the agreement between FSD and the depositor.
66,66,In accordance with the agreement between FSD and the depositor.
67,67,In accordance with the agreement between FSD and the depositor.
68,68,In accordance with the agreement between FSD and the depositor.
69,69,In accordance with the agreement between FSD and the depositor.
70,70,In accordance with the agreement between FSD and the depositor.
71,71,In accordance with the agreement between FSD and the depositor.
72,72,In accordance with the agreement between FSD and the depositor.
73,73,In accordance with the agreement between FSD and the depositor.
74,74,In accordance with the agreement between FSD and the depositor.
75,75,In accordance with the agreement between FSD and the depositor.
76,76,In accordance with the agreement between FSD and the depositor.
77,77,In accordance with the agreement between FSD and the depositor.
78,78,In accordance with the agreement between FSD and the depositor.
79,79,In accordance with the agreement between FSD and the depositor.
80,80,In accordance with the agreement between FSD and the depositor.
81,81,In accordance with the agreement between FSD and the depositor.
82,82,In accordance with the agreement between FSD and the depositor.
83,83,In accordance with the agreement between FSD and the depositor.
84,84,In accordance with the agreement between FSD and the depositor.
85,85,In accordance with the agreement between FSD and the depositor.
86,86,In accordance with the agreement between FSD and the depositor.
87,87,In accordance with the agreement between FSD and the depositor.
88,88,In accordance with the agreement between FSD and the depositor.
89,89,In accordance with the agreement between FSD and the depositor.
90,90,In accordance with the agreement between FSD and the depositor.
91,91,In accordance with the agreement between FSD and the depositor.
92,92,In accordance with the agreement between FSD and the depositor.
93,93,In accordance with the agreement between FSD and the depositor.
94,94,In accordance with the agreement between FSD and the depositor.
95,95,In accordance with the agreement between FSD and the depositor.
96,96,In accordance with the agreement between FSD and the depositor.
97,97,In accordance with the agreement between FSD and the depositor.
98,98,In accordance with the agreement between FSD and the depositor.
99,99,In accordance with the agreement between FSD and the depositor.
100,100,In accordance with the agreement between FSD and the depositor.
101,101,In accordance with the agreement between FSD and the depositor.
102,102,In accordance with the agreement between FSD and the depositor.
103,103,In accordance with the agreement between FSD and the depositor.
104,104,In accordance with the agreement between FSD and the depositor.
105,105,In accordance with the agreement between FSD and the depositor.
106,106,In accordance with the agreement between FSD and the depositor.
107,107,In accordance with the agreement between FSD and the depositor.
108,108,In accordance with the agreement between FSD and the depositor.
109,109,In accordance with the agreement between FSD and the depositor.
110,110,In accordance with the agreement between FSD and the depositor.
111,111,In accordance with the agreement between FSD and the depositor.
112,112,In accordance with the agreement between FSD and the depositor.
113,113,In accordance with the agreement between FSD and the depositor.
114,114,In accordance with the agreement between FSD and the depositor.
115,115,In accordance with the agreement between FSD and the depositor.
116,116,In accordance with the agreement between FSD and the depositor.
117,117,In accordance with the agreement between FSD and the depositor.
118,118,In accordance with the agreement between FSD and the depositor.
119,119,In accordance with the agreement between FSD and the depositor.
120,120,In accordance with the agreement between FSD and the depositor.
121,121,In accordance with the agreement between FSD and the depositor.
122,122,In accordance with the agreement between FSD and the depositor.
123,123,In accordance with the agreement between FSD and the depositor.
124,124,In accordance with the agreement between FSD and the depositor.
125,125,In accordance with the agreement between FSD and the depositor.
126,126,In accordance with the agreement between FSD and the depositor.
127,127,In accordance with the agreement between FSD and the depositor.
128,128,In accordance with the agreement between FSD and the depositor.
129,129,In accordance with the agreement between FSD and the depositor.
130,130,In accordance with the agreement between FSD and the depositor.
131,131,In accordance with the agreement between FSD and the depositor.
132,132,In accordance with the agreement between FSD and the depositor.
133,133,In accordance with the agreement between FSD and the depositor.
134,134,In accordance with the agreement between FSD and the depositor.
135,135,In accordance with the agreement between FSD and the depositor.
136,136,In accordance with the agreement between FSD and the depositor.
137,137,In accordance with the agreement between FSD and the depositor.
138,138,In accordance with the agreement between FSD and the depositor.
139,139,In accordance with the agreement between FSD and the depositor.
140,140,In accordance with the agreement between FSD and the depositor.
141,141,In accordance with the agreement between FSD and the depositor.
142,142,In accordance with the agreement between FSD and the depositor.
143,143,In accordance with the agreement between FSD and the depositor.
144,144,In accordance with the agreement between FSD and the depositor.
145,145,In accordance with the agreement between FSD and the depositor.
146,146,In accordance with the agreement between FSD and the depositor.
147,147,In accordance with the agreement between FSD and the depositor.
148,148,In accordance with the agreement between FSD and the depositor.
149,149,In accordance with the agreement between FSD and the depositor.
150,150,In accordance with the agreement between FSD and the depositor.
151,151,In accordance with the agreement between FSD and the depositor.
152,152,In accordance with the agreement between FSD and the depositor.
153,153,In accordance with the agreement between FSD and the depositor.
154,154,In accordance with the agreement between FSD and the depositor.
155,155,In accordance with the agreement between FSD and the depositor.
156,156,In accordance with the agreement between FSD and the depositor.
157,157,In accordance with the agreement between FSD and the depositor.
158,158,In accordance with the agreement between FSD and the depositor.
159,159,In accordance with the agreement between FSD and the depositor.
160,160,In accordance with the agreement between FSD and the depositor.
161,161,In accordance with the agreement between FSD and the depositor.
162,162,In accordance with the agreement between FSD and the depositor.
163,163,In accordance with the agreement between FSD and the depositor.
164,164,In accordance with the agreement between FSD and the depositor.
165,165,In accordance with the agreement between FSD and the depositor.
166,166,In accordance with the agreement between FSD and the depositor.
167,167,In accordance with the agreement between FSD and the depositor.
168,168,In accordance with the agreement between FSD and the depositor.
169,169,In accordance with the agreement between FSD and the depositor.
170,170,In accordance with the agreement between FSD and the depositor.
171,171,In accordance with the agreement between FSD and the depositor.
172,172,In accordance with the agreement between FSD and the depositor.
173,173,In accordance with the agreement between FSD and the depositor.
174,174,In accordance with the agreement between FSD and the depositor.
175,175,In accordance with the agreement between FSD and the depositor.
176,176,In accordance with the agreement between FSD and the depositor.
177,177,In accordance with the agreement between FSD and the depositor.
178,178,In accordance with the agreement between FSD and the depositor.
179,179,In accordance with the agreement between FSD and the depositor.
180,180,In accordance with the agreement between FSD and the depositor.
181,181,In accordance with the agreement between FSD and the depositor.
182,182,In accordance with the agreement between FSD and the depositor.
183,183,In accordance with the agreement between FSD and the depositor.
184,184,In accordance with the agreement between FSD and the depositor.
185,185,In accordance with the agreement between FSD and the depositor.
186,186,In accordance with the agreement between FSD and the depositor.
187,187,In accordance with the agreement between FSD and the depositor.
188,188,In accordance with the agreement between FSD and the depositor.
189,189,In accordance with the agreement between FSD and the depositor.
190,190,In accordance with the agreement between FSD and the depositor.
191,191,In accordance with the agreement between FSD and the depositor.
192,192,In accordance with the agreement between FSD and the depositor.
193,193,In accordance with the agreement between FSD and the depositor.
194,194,In accordance with the agreement between FSD and the depositor.
195,195,In accordance with the agreement between FSD and the depositor.
196,196,In accordance with the agreement between FSD and the depositor.
197,197,In accordance with the agreement between FSD and the depositor.
198,198,In accordance with the agreement between FSD and the depositor.
199,199,In accordance with the agreement between FSD and the depositor.
200,200,In accordance with the agreement between FSD and the depositor.
201,201,In accordance with the agreement between FSD and the depositor.
202,202,In accordance with the agreement between FSD and the depositor.
203,203,In accordance with the agreement between FSD and the depositor.
204,204,In accordance with the agreement between FSD and the depositor.
205,205,In accordance with the agreement between FSD and the depositor.
206,206,In accordance with the agreement between FSD and the depositor.
207,207,In accordance with the agreement between FSD and the depositor.
208,208,In accordance with the agreement between FSD and the depositor.
209,209,In accordance with the agreement between FSD and the depositor.
210,210,In accordance with the agreement between FSD and the depositor.
211,211,In accordance with the agreement between FSD and the depositor.
212,212,In accordance with the agreement between FSD and the depositor.
213,213,In accordance with the agreement between FSD and the depositor.
214,214,In accordance with the agreement between FSD and the depositor.
215,215,In accordance with the agreement between FSD and the depositor.
216,216,In accordance with the agreement between FSD and the depositor.
217,217,In accordance with the agreement between FSD and the depositor.
218,218,In accordance with the agreement between FSD and the depositor.
219,219,In accordance with the agreement between FSD and the depositor.
220,220,In accordance with the agreement between FSD and the depositor.
221,221,In accordance with the agreement between FSD and the depositor.
222,222,In accordance with the agreement between FSD and the depositor.
223,223,In accordance with the agreement between FSD and the depositor.
224,224,In accordance with the agreement between FSD and the depositor.
225,225,In accordance with the agreement between FSD and the depositor.
226,226,In accordance with the agreement between FSD and the depositor.
227,227,In accordance with the agreement between FSD and the depositor.
228,228,In accordance with the agreement between FSD and the depositor.
229,229,In accordance with the agreement between FSD and the depositor.
230,230,In accordance with the agreement between FSD and the depositor.
231,231,In accordance with the agreement between FSD and the depositor.
232,232,In accordance with the agreement between FSD and the depositor.
233,233,In accordance with the agreement between FSD and the depositor.
234,234,In accordance with the agreement between FSD and the depositor.
235,235,In accordance with the agreement between FSD and the depositor.
236,236,In accordance with the agreement between FSD and the depositor.
237,237,In accordance with the agreement between FSD and the depositor.
238,238,In accordance with the agreement between FSD and the depositor.
239,239,In accordance with the agreement between FSD and the depositor.
240,240,In accordance with the agreement between FSD and the depositor.
241,241,In accordance with the agreement between FSD and the depositor.
242,242,In accordance with the agreement between FSD and the depositor.
243,243,In accordance with the agreement between FSD and the depositor.
244,244,In accordance with the agreement between FSD and the depositor.
245,245,In accordance with the agreement between FSD and the depositor.
246,246,In accordance with the agreement between FSD and the depositor.
247,247,In accordance with the agreement between FSD and the depositor.
248,248,In accordance with the agreement between FSD and the depositor.
249,249,In accordance with the agreement between FSD and the depositor.
250,250,In accordance with the agreement between FSD and the depositor.
251,251,In accordance with the agreement between FSD and the depositor.
252,252,In accordance with the agreement between FSD and the depositor.
253,253,In accordance with the agreement between FSD and the depositor.
254,254,In accordance with the agreement between FSD and the depositor.
255,255,In accordance with the agreement between FSD and the depositor.
256,256,In accordance with the agreement between FSD and the depositor.
257,257,In accordance with the agreement between FSD and the depositor.
258,258,In accordance with the agreement between FSD and the depositor.
259,259,In accordance with the agreement between FSD and the depositor.
260,260,In accordance with the agreement between FSD and the depositor.
261,261,In accordance with the agreement between FSD and the depositor.
262,262,In accordance with the agreement between FSD and the depositor.
263,263,In accordance with the agreement between FSD and the depositor.
264,264,In accordance with the agreement between FSD and the depositor.
265,265,In accordance with the agreement between FSD and the depositor.
266,266,In accordance with the agreement between FSD and the depositor.
267,267,In accordance with the agreement between FSD and the depositor.
268,268,In accordance with the agreement between FSD and the depositor.
269,269,In accordance with the agreement between FSD and the depositor.
270,270,In accordance with the agreement between FSD and the depositor.
271,271,In accordance with the agreement between FSD and the depositor.
272,272,In accordance with the agreement between FSD and the depositor.
273,273,In accordance with the agreement between FSD and the depositor.
274,274,In accordance with the agreement between FSD and the depositor.
275,275,In accordance with the agreement between FSD and the depositor.
276,276,In accordance with the agreement between FSD and the depositor.
277,277,In accordance with the agreement between FSD and the depositor.
278,278,In accordance with the agreement between FSD and the depositor.
279,279,In accordance with the agreement between FSD and the depositor.
280,280,In accordance with the agreement between FSD and the depositor.
281,281,In accordance with the agreement between FSD and the depositor.
282,282,In accordance with the agreement between FSD and the depositor.
283,283,In accordance with the agreement between FSD and the depositor.
284,284,In accordance with the agreement between FSD and the depositor.
285,285,In accordance with the agreement between FSD and the depositor.
286,286,In accordance with the agreement between FSD and the depositor.
287,287,In accordance with the agreement between FSD and the depositor.
288,288,In accordance with the agreement between FSD and the depositor.
289,289,In accordance with the agreement between FSD and the depositor.
290,290,In accordance with the agreement between FSD and the depositor.
291,291,In accordance with the agreement between FSD and the depositor.
292,292,In accordance with the agreement between FSD and the depositor.
293,293,In accordance with the agreement between FSD and the depositor.
294,294,In accordance with the agreement between FSD and the depositor.
295,295,In accordance with the agreement between FSD and the depositor.
296,296,In accordance with the agreement between FSD and the depositor.
297,297,In accordance with the agreement between FSD and the depositor.
298,298,In accordance with the agreement between FSD and the depositor.
299,299,In accordance with the agreement between FSD and the depositor.
300,300,In accordance with the agreement between FSD and the depositor.
301,301,In accordance with the agreement between FSD and the depositor.
302,302,In accordance with the agreement between FSD and the depositor.
303,303,In accordance with the agreement between FSD and the depositor.
304,304,In accordance with the agreement between FSD and the depositor.
305,305,In accordance with the agreement between FSD and the depositor.
306,306,In accordance with the agreement between FSD and the depositor.
307,307,In accordance with the agreement between FSD and the depositor.
308,308,In accordance with the agreement between FSD and the depositor.
309,309,In accordance with the agreement between FSD and the depositor.
310,310,In accordance with the agreement between FSD and the depositor.
311,311,In accordance with the agreement between FSD and the depositor.
312,312,In accordance with the agreement between FSD and the depositor.
313,313,In accordance with the agreement between FSD and the depositor.
314,314,In accordance with the agreement between FSD and the depositor.
315,315,In accordance with the agreement between FSD and the depositor.
316,316,In accordance with the agreement between FSD and the depositor.
317,317,In accordance with the agreement between FSD and the depositor.
318,318,In accordance with the agreement between FSD and the depositor.
319,319,In accordance with the agreement between FSD and the depositor.
320,320,In accordance with the agreement between FSD and the depositor.
321,321,In accordance with the agreement between FSD and the depositor.
322,322,In accordance with the agreement between FSD and the depositor.
323,323,In accordance with the agreement between FSD and the depositor.
324,324,In accordance with the agreement between FSD and the depositor.
325,325,In accordance with the agreement between FSD and the depositor.
326,326,In accordance with the agreement between FSD and the depositor.
327,327,In accordance with the agreement between FSD and the depositor.
328,328,In accordance with the agreement between FSD and the depositor.
329,329,In accordance with the agreement between FSD and the depositor.
330,330,In accordance with the agreement between FSD and the depositor.
331,331,In accordance with the agreement between FSD and the depositor.
332,332,In accordance with the agreement between FSD and the depositor.
333,333,In accordance with the agreement between FSD and the depositor.
334,334,In accordance with the agreement between FSD and the depositor.
335,335,In accordance with the agreement between FSD and the depositor.
336,336,In accordance with the agreement between FSD and the depositor.
337,337,In accordance with the agreement between FSD and the depositor.
338,338,In accordance with the agreement between FSD and the depositor.
339,339,In accordance with the agreement between FSD and the depositor.
340,340,In accordance with the agreement between FSD and the depositor.
341,341,In accordance with the agreement between FSD and the depositor.
342,342,In accordance with the agreement between FSD and the depositor.
343,343,In accordance with the agreement between FSD and the depositor.
344,344,In accordance with the agreement between FSD and the depositor.
345,345,In accordance with the agreement between FSD and the depositor.
346,346,In accordance with the agreement between FSD and the depositor.
347,347,In accordance with the agreement between FSD and the depositor.
348,348,In accordance with the agreement between FSD and the depositor.
349,349,In accordance with the agreement between FSD and the depositor.
350,350,In accordance with the agreement between FSD and the depositor.
351,351,In accordance with the agreement between FSD and the depositor.
352,352,In accordance with the agreement between FSD and the depositor.
353,353,In accordance with the agreement between FSD and the depositor.
354,354,In accordance with the agreement between FSD and the depositor.
355,355,In accordance with the agreement between FSD and the depositor.
356,356,In accordance with the agreement between FSD and the depositor.
357,357,In accordance with the agreement between FSD and the depositor.
358,358,In accordance with the agreement between FSD and the depositor.
359,359,In accordance with the agreement between FSD and the depositor.
360,360,In accordance with the agreement between FSD and the depositor.
361,361,In accordance with the agreement between FSD and the depositor.
362,362,In accordance with the agreement between FSD and the depositor.
363,363,In accordance with the agreement between FSD and the depositor.
364,364,In accordance with the agreement between FSD and the depositor.
365,365,In accordance with the agreement between FSD and the depositor.
366,366,In accordance with the agreement between FSD and the depositor.
367,367,In accordance with the agreement between FSD and the depositor.
368,368,In accordance with the agreement between FSD and the depositor.
369,369,In accordance with the agreement between FSD and the depositor.
370,370,In accordance with the agreement between FSD and the depositor.
371,371,In accordance with the agreement between FSD and the depositor.
372,372,In accordance with the agreement between FSD and the depositor.
373,373,In accordance with the agreement between FSD and the depositor.
374,374,In accordance with the agreement between FSD and the depositor.
375,375,In accordance with the agreement between FSD and the depositor.
376,376,In accordance with the agreement between FSD and the depositor.
377,377,In accordance with the agreement between FSD and the depositor.
378,378,In accordance with the agreement between FSD and the depositor.
379,379,In accordance with the agreement between FSD and the depositor.
380,380,In accordance with the agreement between FSD and the depositor.
381,381,In accordance with the agreement between FSD and the depositor.
382,382,In accordance with the agreement between FSD and the depositor.
383,383,In accordance with the agreement between FSD and the depositor.
384,384,In accordance with the agreement between FSD and the depositor.
385,385,In accordance with the agreement between FSD and the depositor.
386,386,In accordance with the agreement between FSD and the depositor.
387,387,In accordance with the agreement between FSD and the depositor.
388,388,In accordance with the agreement between FSD and the depositor.
389,389,In accordance with the agreement between FSD and the depositor.
390,390,In accordance with the agreement between FSD and the depositor.
391,391,In accordance with the agreement between FSD and the depositor.
392,392,In accordance with the agreement between FSD and the depositor.
393,393,In accordance with the agreement between FSD and the depositor.
394,394,In accordance with the agreement between FSD and the depositor.
395,395,In accordance with the agreement between FSD and the depositor.
396,396,In accordance with the agreement between FSD and the depositor.
397,397,In accordance with the agreement between FSD and the depositor.
398,398,In accordance with the agreement between FSD and the depositor.
399,399,In accordance with the agreement between FSD and the depositor.
400,400,In accordance with the agreement between FSD and the depositor.
401,401,In accordance with the agreement between FSD and the depositor.
402,402,In accordance with the agreement between FSD and the depositor.
403,403,In accordance with the agreement between FSD and the depositor.
404,404,In accordance with the agreement between FSD and the depositor.
405,405,In accordance with the agreement between FSD and the depositor.
406,406,In accordance with the agreement between FSD and the depositor.
407,407,In accordance with the agreement between FSD and the depositor.
408,408,In accordance with the agreement between FSD and the depositor.
409,409,In accordance with the agreement between FSD and the depositor.
410,410,In accordance with the agreement between FSD and the depositor.
411,411,In accordance with the agreement between FSD and the depositor.
412,412,In accordance with the agreement between FSD and the depositor.
413,413,In accordance with the agreement between FSD and the depositor.
414,414,In accordance with the agreement between FSD and the depositor.
415,415,In accordance with the agreement between FSD and the depositor.
416,416,In accordance with the agreement between FSD and the depositor.
417,417,In accordance with the agreement between FSD and the depositor.
418,418,In accordance with the agreement between FSD and the depositor.
419,419,In accordance with the agreement between FSD and the depositor.
420,420,In accordance with the agreement between FSD and the depositor.
421,421,In accordance with the agreement between FSD and the depositor.
422,422,In accordance with the agreement between FSD and the depositor.
423,423,In accordance with the agreement between FSD and the depositor.
424,424,In accordance with the agreement between FSD and the depositor.
425,425,In accordance with the agreement between FSD and the depositor.
426,426,In accordance with the agreement between FSD and the depositor.
427,427,In accordance with the agreement between FSD and the depositor.
428,428,In accordance with the agreement between FSD and the depositor.
429,429,In accordance with the agreement between FSD and the depositor.
430,430,In accordance with the agreement between FSD and the depositor.
431,431,In accordance with the agreement between FSD and the depositor.
432,432,In accordance with the agreement between FSD and the depositor.
433,433,In accordance with the agreement between FSD and the depositor.
434,434,In accordance with the agreement between FSD and the depositor.
435,435,In accordance with the agreement between FSD and the depositor.
436,436,In accordance with the agreement between FSD and the depositor.
437,437,In accordance with the agreement between FSD and the depositor.
438,438,In accordance with the agreement between FSD and the depositor.
439,439,In accordance with the agreement between FSD and the depositor.
440,440,In accordance with the agreement between FSD and the depositor.
441,441,In accordance with the agreement between FSD and the depositor.
442,442,In accordance with the agreement between FSD and the depositor.
443,443,In accordance with the agreement between FSD and the depositor.
444,444,In accordance with the agreement between FSD and the depositor.
445,445,In accordance with the agreement between FSD and the depositor.
446,446,In accordance with the agreement between FSD and the depositor.
447,447,In accordance with the agreement between FSD and the depositor.
448,448,In accordance with the agreement between FSD and the depositor.
449,449,In accordance with the agreement between FSD and the depositor.
450,450,In accordance with the agreement between FSD and the depositor.
451,451,In accordance with the agreement between FSD and the depositor.
452,452,In accordance with the agreement between FSD and the depositor.
453,453,In accordance with the agreement between FSD and the depositor.
454,454,In accordance with the agreement between FSD and the depositor.
455,455,In accordance with the agreement between FSD and the depositor.
456,456,In accordance with the agreement between FSD and the depositor.
457,457,In accordance with the agreement between FSD and the depositor.
458,458,In accordance with the agreement between FSD and the depositor.
459,459,In accordance with the agreement between FSD and the depositor.
460,460,In accordance with the agreement between FSD and the depositor.
461,461,In accordance with the agreement between FSD and the depositor.
462,462,In accordance with the agreement between FSD and the depositor.
463,463,In accordance with the agreement between FSD and the depositor.
464,464,In accordance with the agreement between FSD and the depositor.
465,465,In accordance with the agreement between FSD and the depositor.
466,466,In accordance with the agreement between FSD and the depositor.
467,467,In accordance with the agreement between FSD and the depositor.
468,468,In accordance with the agreement between FSD and the depositor.
469,469,In accordance with the agreement between FSD and the depositor.
470,470,In accordance with the agreement between FSD and the depositor.
471,471,In accordance with the agreement between FSD and the depositor.
472,472,In accordance with the agreement between FSD and the depositor.
473,473,In accordance with the agreement between FSD and the depositor.
474,474,In accordance with the agreement between FSD and the depositor.
475,475,In accordance with the agreement between FSD and the depositor.
476,476,In accordance with the agreement between FSD and the depositor.
477,477,In accordance with the agreement between FSD and the depositor.
478,478,In accordance with the agreement between FSD and the depositor.
479,479,In accordance with the agreement between FSD and the depositor.
480,480,In accordance with the agreement between FSD and the depositor.
481,481,In accordance with the agreement between FSD and the depositor.
482,482,In accordance with the agreement between FSD and the depositor.
483,483,In accordance with the agreement between FSD and the depositor.
484,484,In accordance with the agreement between FSD and the depositor.
485,485,In accordance with the agreement between FSD and the depositor.
486,486,In accordance with the agreement between FSD and the depositor.
487,487,In accordance with the agreement between FSD and the depositor.
488,488,In accordance with the agreement between FSD and the depositor.
489,489,In accordance with the agreement between FSD and the depositor.
490,490,In accordance with the agreement between FSD and the depositor.
491,491,In accordance with the agreement between FSD and the depositor.
492,492,In accordance with the agreement between FSD and the depositor.
493,493,In accordance with the agreement between FSD and the depositor.
494,494,In accordance with the agreement between FSD and the depositor.
495,495,In accordance with the agreement between FSD and the depositor.
496,496,In accordance with the agreement between FSD and the depositor.
497,497,In accordance with the agreement between FSD and the depositor.
498,498,In accordance with the agreement between FSD and the depositor.
499,499,In accordance with the agreement between FSD and the depositor.
500,500,In accordance with the agreement between FSD and the depositor.
501,501,In accordance with the agreement between FSD and the depositor.
502,502,In accordance with the agreement between FSD and the depositor.
503,503,In accordance with the agreement between FSD and the depositor.
504,504,In accordance with the agreement between FSD and the depositor.
505,505,In accordance with the agreement between FSD and the depositor.
506,506,In accordance with the agreement between FSD and the depositor.
507,507,In accordance with the agreement between FSD and the depositor.
508,508,In accordance with the agreement between FSD and the depositor.
509,509,In accordance with the agreement between FSD and the depositor.
510,510,In accordance with the agreement between FSD and the depositor.
511,511,In accordance with the agreement between FSD and the depositor.
512,512,In accordance with the agreement between FSD and the depositor.
513,513,In accordance with the agreement between FSD and the depositor.
514,514,In accordance with the agreement between FSD and the depositor.
515,515,In accordance with the agreement between FSD and the depositor.
516,516,In accordance with the agreement between FSD and the depositor.
517,517,In accordance with the agreement between FSD and the depositor.
518,518,In accordance with the agreement between FSD and the depositor.
519,519,In accordance with the agreement between FSD and the depositor.
520,520,In accordance with the agreement between FSD and the depositor.
521,521,In accordance with the agreement between FSD and the depositor.
522,522,In accordance with the agreement between FSD and the depositor.
523,523,In accordance with the agreement between FSD and the depositor.
524,524,In accordance with the agreement between FSD and the depositor.
525,525,In accordance with the agreement between FSD and the depositor.
526,526,In accordance with the agreement between FSD and the depositor.
527,527,In accordance with the agreement between FSD and the depositor.
528,528,In accordance with the agreement between FSD and the depositor.
529,529,In accordance with the agreement between FSD and the depositor.
530,530,In accordance with the agreement between FSD and the depositor.
531,531,In accordance with the agreement between FSD and the depositor.
532,532,In accordance with the agreement between FSD and the depositor.
533,533,In accordance with the agreement between FSD and the depositor.
534,534,In accordance with the agreement between FSD and the depositor.
535,535,In accordance with the agreement between FSD and the depositor.
536,536,In accordance with the agreement between FSD and the depositor.
537,537,In accordance with the agreement between FSD and the depositor.
538,538,In accordance with the agreement between FSD and the depositor.
539,539,In accordance with the agreement between FSD and the depositor.
540,540,In accordance with the agreement between FSD and the depositor.
541,541,In accordance with the agreement between FSD and the depositor.
542,542,In accordance with the agreement between FSD and the depositor.
543,543,In accordance with the agreement between FSD and the depositor.
544,544,In accordance with the agreement between FSD and the depositor.
545,545,In accordance with the agreement between FSD and the depositor.
546,546,In accordance with the agreement between FSD and the depositor.
547,547,In accordance with the agreement between FSD and the depositor.
548,548,In accordance with the agreement between FSD and the depositor.
549,549,In accordance with the agreement between FSD and the depositor.
550,550,In accordance with the agreement between FSD and the depositor.
551,551,In accordance with the agreement between FSD and the depositor.
552,552,In accordance with the agreement between FSD and the depositor.
553,553,In accordance with the agreement between FSD and the depositor.
554,554,In accordance with the agreement between FSD and the depositor.
555,555,In accordance with the agreement between FSD and the depositor.
556,556,In accordance with the agreement between FSD and the depositor.
557,557,In accordance with the agreement between FSD and the depositor.
558,558,CC BY 4.0
559,559,CC BY 4.0
560,560,CC BY 4.0
561,561,CC BY 4.0
562,562,CC BY 4.0
563,563,CC BY 4.0
564,564,CC BY 4.0
565,565,CC BY 4.0
566,566,CC BY 4.0
567,567,CC BY 4.0
568,568,CC BY 4.0
569,569,CC BY 4.0
570,570,CC BY 4.0
571,571,CC BY 4.0
572,572,CC BY 4.0
573,573,CC BY 4.0
574,574,CC BY 4.0
575,575,CC BY 4.0
576,576,CC BY 4.0
577,577,CC BY 4.0
578,578,CC BY 4.0
579,579,CC BY 4.0
580,580,CC BY 4.0
581,581,CC BY 4.0
582,582,CC BY 4.0
583,583,CC BY 4.0
584,584,CC BY 4.0
585,585,CC BY 4.0
586,586,CC BY 4.0
587,587,CC BY 4.0
588,588,CC BY 4.0
589,589,CC BY 4.0
590,590,CC BY 4.0
591,591,CC BY 4.0
592,592,CC BY 4.0
593,593,CC BY 4.0
594,594,CC BY 4.0
595,596,CC BY 4.0
596,597,CC BY 4.0
597,598,CC BY 4.0
598,599,CC BY 4.0
599,600,CC BY 4.0
600,601,CC BY 4.0
601,602,CC BY 4.0
602,603,CC BY 4.0
603,604,CC BY 4.0
604,605,CC BY 4.0
605,606,CC BY 4.0
606,607,CC BY 4.0
607,608,CC BY 4.0
608,609,CC BY 4.0
609,610,CC BY 4.0
610,611,CC BY 4.0
611,612,CC BY 4.0
612,613,CC BY 4.0
613,614,CC BY 4.0
614,616,CC BY 4.0
615,617,CC BY 4.0
616,618,CC BY 4.0
617,619,CC BY 4.0
618,620,CC BY 4.0
619,622,CC BY 4.0
620,623,CC BY 4.0
621,624,CC BY 4.0
622,625,CC BY 4.0
623,626,CC BY 4.0
624,629,CC BY 4.0
625,630,CC BY 4.0
626,631,CC BY 4.0
627,632,CC BY 4.0
628,633,CC BY 4.0
629,634,CC BY 4.0
630,635,CC BY 4.0
631,636,CC BY 4.0
632,637,CC BY 4.0
633,639,CC BY 4.0
634,640,CC BY 4.0
635,641,CC BY 4.0
636,642,CC BY 4.0
637,643,CC BY 4.0
638,644,CC BY 4.0
639,645,CC BY 4.0
640,646,CC BY 4.0
641,647,CC BY 4.0
642,648,CC BY 4.0
643,649,CC BY 4.0
644,650,CC BY 4.0
645,651,CC BY 4.0
646,652,CC BY 4.0
647,653,CC BY 4.0
648,654,CC BY 4.0
649,655,CC BY 4.0
650,656,CC BY 4.0
651,657,CC BY 4.0
652,658,CC BY 4.0
653,659,CC BY 4.0
654,660,CC BY 4.0
655,661,CC BY 4.0
656,662,CC BY 4.0
657,663,CC BY 4.0
658,664,CC BY 4.0
659,665,CC BY 4.0
660,666,CC BY 4.0
661,667,CC BY 4.0
662,668,CC BY 4.0
663,669,CC BY 4.0
664,670,CC BY 4.0
665,673,CC BY 4.0
666,674,CC BY 4.0
667,675,CC BY 4.0
668,676,CC BY 4.0
669,677,CC BY 4.0
670,678,CC BY 4.0
671,679,CC BY 4.0
672,680,CC BY 4.0
673,681,CC BY 4.0
674,682,CC BY 4.0
675,684,CC BY 4.0
676,685,CC BY 4.0
677,686,CC BY 4.0
678,688,CC BY 4.0
679,689,CC BY 4.0
680,690,CC BY 4.0
681,691,CC BY 4.0
682,692,CC BY 4.0
683,694,CC BY 4.0
684,695,CC BY 4.0
685,696,CC BY 4.0
686,698,CC BY 4.0
687,699,CC BY 4.0
688,700,CC BY 4.0
689,701,CC BY 4.0
690,702,CC BY 4.0
691,703,CC BY 4.0
692,704,CC BY 4.0
693,706,CC BY 4.0
694,707,CC BY 4.0
695,708,CC BY 4.0
696,709,CC BY 4.0
697,710,CC BY 4.0
698,711,CC BY 4.0
699,712,CC BY 4.0
700,713,CC BY 4.0
701,714,CC BY 4.0
702,715,CC BY 4.0
703,716,CC BY 4.0
704,717,CC BY 4.0
705,718,CC BY 4.0
706,719,CC BY 4.0
707,720,CC BY 4.0
708,721,CC BY 4.0
709,722,CC BY 4.0
710,723,CC BY 4.0
711,724,CC BY 4.0
712,725,CC BY 4.0
713,726,CC BY 4.0
714,727,CC BY 4.0
715,729,CC BY 4.0
716,730,CC BY 4.0
717,731,CC BY 4.0
718,732,CC BY 4.0
719,733,CC BY 4.0
720,736,CC BY 4.0
721,737,CC BY 4.0
722,738,CC BY 4.0
723,739,CC BY 4.0
724,740,CC BY 4.0
725,741,CC BY 4.0
726,742,CC BY 4.0
727,743,CC BY 4.0
728,744,CC BY 4.0
729,745,CC BY 4.0
730,746,CC BY 4.0
731,747,CC BY 4.0
732,748,CC BY 4.0
733,749,CC BY 4.0
734,750,CC BY 4.0
735,751,CC BY 4.0
736,752,CC BY 4.0
737,753,CC BY 4.0
738,754,CC BY 4.0
739,755,CC BY 4.0
740,756,CC BY 4.0
741,757,CC BY 4.0
742,758,CC BY 4.0
743,759,CC BY 4.0
744,760,CC BY 4.0
745,761,CC BY 4.0
746,762,CC BY 4.0
747,763,CC BY 4.0
748,764,CC BY 4.0
749,765,CC BY 4.0
750,766,CC BY 4.0
751,767,CC BY 4.0
752,768,CC BY 4.0
753,769,CC BY 4.0
754,770,CC BY 4.0
755,771,CC BY 4.0
756,773,CC BY 4.0
757,774,CC BY 4.0
758,775,CC BY 4.0
759,776,CC BY 4.0
760,777,CC BY 4.0
761,778,CC BY 4.0
762,779,CC BY 4.0
763,780,CC BY 4.0
764,781,CC BY 4.0
765,782,CC BY 4.0
766,783,CC BY 4.0
767,785,CC BY 4.0
768,786,CC BY 4.0
769,787,CC BY 4.0
770,788,CC BY 4.0
771,789,CC BY 4.0
772,790,CC BY 4.0
773,791,CC BY 4.0
774,792,CC BY 4.0
775,793,CC BY 4.0
776,794,CC BY 4.0
777,795,CC BY 4.0
778,796,CC BY 4.0
779,797,CC BY 4.0
780,798,CC BY 4.0
781,799,CC BY 4.0
782,800,CC BY 4.0
783,801,CC BY 4.0
784,802,CC BY 4.0
785,803,CC BY 4.0
786,804,CC BY 4.0
787,805,CC BY 4.0
788,806,CC BY 4.0
789,807,CC BY 4.0
790,808,CC BY 4.0
791,809,CC BY 4.0
792,810,CC BY 4.0
793,811,CC BY 4.0
794,812,CC BY 4.0
795,813,CC BY 4.0
796,814,CC BY 4.0
797,815,CC BY 4.0
798,816,CC BY 4.0
799,817,CC BY 4.0
800,818,CC BY 4.0
801,819,CC BY 4.0
802,820,CC BY 4.0
803,821,CC BY 4.0
804,822,CC BY 4.0
805,823,CC BY 4.0
806,824,CC BY 4.0
807,825,CC BY 4.0
808,826,CC BY 4.0
809,827,CC BY 4.0
810,828,CC BY 4.0
811,829,CC BY 4.0
812,830,CC BY 4.0
813,831,CC BY 4.0
814,832,CC BY 4.0
815,833,CC BY 4.0
816,834,CC BY 4.0
817,835,CC BY 4.0
818,836,CC BY 4.0
819,837,CC BY 4.0
820,838,CC BY 4.0
821,839,CC BY 4.0
822,841,CC BY 4.0
823,842,CC BY 4.0
824,843,CC BY 4.0
825,844,CC BY 4.0
826,845,CC BY 4.0
827,846,CC BY 4.0
828,847,CC BY 4.0
829,848,CC BY 4.0
830,849,CC BY 4.0
831,850,CC BY 4.0
832,851,CC BY 4.0
833,852,CC BY 4.0
834,853,CC BY 4.0
835,854,CC BY 4.0
836,855,CC BY 4.0
837,856,CC BY 4.0
838,857,CC BY 4.0
839,858,CC BY 4.0
840,859,CC BY 4.0
841,860,CC BY 4.0
842,861,CC BY 4.0
843,862,CC BY 4.0
844,863,CC BY 4.0
845,864,CC BY 4.0
846,865,CC BY 4.0
847,866,CC BY 4.0
848,867,CC BY 4.0
849,868,CC BY 4.0
850,869,CC BY 4.0
851,870,CC BY 4.0
852,871,CC BY 4.0
853,872,CC BY 4.0
854,873,CC BY 4.0
855,874,CC BY 4.0
856,875,CC BY 4.0
857,876,CC BY 4.0
858,877,CC BY 4.0
859,878,CC BY 4.0
860,879,CC BY 4.0
861,880,CC BY 4.0
862,881,CC BY 4.0
863,883,CC BY 4.0
864,884,CC BY 4.0
865,885,CC BY 4.0
866,886,CC BY 4.0
867,887,CC BY 4.0
868,888,CC BY 4.0
869,889,CC BY 4.0
870,890,CC BY 4.0
871,891,CC BY 4.0
872,892,CC BY 4.0
873,893,CC BY 4.0
874,894,CC BY 4.0
875,895,CC BY 4.0
876,896,CC BY 4.0
877,897,CC BY 4.0
878,898,CC BY 4.0
879,899,CC BY 4.0
880,900,CC BY 4.0
881,901,CC BY 4.0
882,902,CC BY 4.0
883,903,CC BY 4.0
884,904,CC BY 4.0
885,905,CC BY 4.0
886,906,CC BY 4.0
887,907,CC BY 4.0
888,908,CC BY 4.0
889,909,CC BY 4.0
890,910,CC BY 4.0
891,911,CC BY 4.0
892,912,CC BY 4.0
893,913,CC BY 4.0
894,914,CC BY 4.0
895,915,CC BY 4.0
896,916,CC BY 4.0
897,917,CC BY 4.0
898,918,CC BY 4.0
899,919,CC BY 4.0
900,920,CC BY 4.0
901,921,CC BY 4.0
902,922,CC BY 4.0
903,923,CC BY 4.0
904,924,CC BY 4.0
905,925,CC BY 4.0
906,926,CC BY 4.0
907,927,CC BY 4.0
908,928,CC BY 4.0
909,929,CC BY 4.0
910,930,CC BY 4.0
911,931,CC BY 4.0
912,932,CC BY 4.0
913,933,CC BY 4.0
914,934,CC BY 4.0
915,935,CC BY 4.0
916,936,CC BY 4.0
917,937,CC BY 4.0
918,938,CC BY 4.0
919,939,CC BY 4.0
920,940,CC BY 4.0
921,941,CC BY 4.0
922,942,CC BY 4.0
923,943,CC BY 4.0
924,944,CC BY 4.0
925,945,CC BY 4.0
926,946,CC BY 4.0
927,947,CC BY 4.0
928,948,CC BY 4.0
929,949,CC BY 4.0
930,950,CC BY 4.0
931,951,CC BY 4.0
932,952,CC BY 4.0
933,953,CC BY 4.0
934,954,CC BY 4.0
935,956,CC BY 4.0
936,957,CC BY 4.0
937,958,CC BY 4.0
938,959,CC BY 4.0
939,960,CC BY 4.0
940,961,CC BY 4.0
941,962,CC BY 4.0
942,963,CC BY 4.0
943,964,CC BY 4.0
944,965,CC BY 4.0
945,966,CC BY 4.0
946,967,CC BY 4.0
947,968,CC BY 4.0
948,969,CC BY 4.0
949,970,CC BY 4.0
950,971,CC BY 4.0
951,972,CC BY 4.0
952,973,CC BY 4.0
953,974,CC BY 4.0
954,975,CC BY 4.0
955,976,CC BY 4.0
956,977,CC BY 4.0
957,978,CC BY 4.0
958,979,CC BY 4.0
959,980,CC BY 4.0
960,981,CC BY 4.0
961,982,CC BY 4.0
962,983,CC BY 4.0
963,984,CC BY 4.0
964,985,CC BY 4.0
965,986,CC BY 4.0
966,987,CC BY 4.0
967,988,CC BY 4.0
968,989,CC BY 4.0
969,990,CC BY 4.0
970,991,CC BY 4.0
971,992,CC BY 4.0
972,993,CC BY 4.0
973,994,CC BY 4.0
974,996,CC BY 4.0
975,997,CC BY 4.0
976,998,CC BY 4.0
977,999,CC BY 4.0
978,1000,CC BY 4.0
979,1001,CC BY 4.0
980,1002,CC BY 4.0
981,1003,CC BY 4.0
982,1004,CC BY 4.0
983,1005,CC BY 4.0
984,1006,CC BY 4.0
985,1007,CC BY 4.0
986,1008,CC BY 4.0
987,1009,CC BY 4.0
988,1010,CC BY 4.0
989,1011,CC BY 4.0
990,1012,CC BY 4.0
991,1013,CC BY 4.0
992,1015,CC BY 4.0
993,1016,CC BY 4.0
994,1017,CC BY 4.0
995,1018,CC BY 4.0
996,1019,CC BY 4.0
997,1020,CC BY 4.0
998,1021,CC BY 4.0
999,1022,CC BY 4.0
1000,1023,CC BY 4.0
1001,1024,CC BY 4.0
1002,1025,CC BY 4.0
1003,1026,CC BY 4.0
1004,1027,CC BY 4.0
1005,1028,CC BY 4.0
1006,1029,CC BY 4.0
1007,1030,CC BY 4.0
1008,1031,CC BY 4.0
1009,1032,CC BY 4.0
1010,1033,CC BY 4.0
1011,1034,CC BY 4.0
1012,1035,CC BY 4.0
1013,1036,CC BY 4.0
1014,1037,CC BY 4.0
1015,1038,CC BY 4.0
1016,1039,CC BY 4.0
1017,1040,CC BY 4.0
1018,1041,CC BY 4.0
1019,1042,CC BY 4.0
1020,1044,CC BY 4.0
1021,1045,CC BY 4.0
1022,1046,CC BY 4.0
1023,1047,CC BY 4.0
1024,1048,CC BY 4.0
1025,1049,CC BY 4.0
1026,1050,CC BY 4.0
1027,1051,CC BY 4.0
1028,1052,CC BY 4.0
1029,1053,CC BY 4.0
1030,1054,CC BY 4.0
1031,1055,CC BY 4.0
1032,1056,CC BY 4.0
1033,1057,CC BY 4.0
1034,1058,CC BY 4.0
1035,1059,CC BY 4.0
1036,1060,CC BY 4.0
1037,1061,CC BY 4.0
1038,1062,CC BY 4.0
1039,1063,CC BY 4.0
1040,1064,CC BY 4.0
1041,1065,CC BY 4.0
1042,1066,CC BY 4.0
1043,1067,CC BY 4.0
1044,1068,CC BY 4.0
1045,1069,CC BY 4.0
1046,1070,CC BY 4.0
1047,1071,CC BY 4.0
1048,1072,CC BY 4.0
1049,1073,CC BY 4.0
1050,1074,CC BY 4.0
1051,1075,CC BY 4.0
1052,1076,CC BY 4.0
1053,1077,CC BY 4.0
1054,1079,CC BY 4.0
1055,1080,CC BY 4.0
1056,1081,CC BY 4.0
1057,1082,CC BY 4.0
1058,1083,CC BY 4.0
1059,1084,CC BY 4.0
1060,1085,CC BY 4.0
1061,1086,CC BY 4.0
1062,1087,CC BY 4.0
1063,1088,CC BY 4.0
1064,1089,CC BY 4.0
1065,1090,CC BY 4.0
1066,1091,CC BY 4.0
1067,1092,CC BY 4.0
1068,1093,CC BY 4.0
1069,1094,CC BY 4.0
1070,1095,CC BY 4.0
1071,1096,CC BY 4.0
1072,1097,CC BY 4.0
1073,1098,CC BY 4.0
1074,1099,CC BY 4.0
1075,1100,CC BY 4.0
1076,1101,CC BY 4.0
1077,1102,CC BY 4.0
1078,1103,CC BY 4.0
1079,1104,CC BY 4.0
1080,1105,CC BY 4.0
1081,1106,CC BY 4.0
1082,1107,CC BY 4.0
1083,1108,CC BY 4.0
1084,1109,CC BY 4.0
1085,1110,CC BY 4.0
1086,1111,CC BY 4.0
1087,1112,CC BY 4.0
1088,1113,CC BY 4.0
1089,1114,CC BY 4.0
1090,1115,CC BY 4.0
1091,1116,CC BY 4.0
1092,1117,CC BY 4.0
1093,1118,CC BY 4.0
1094,1119,CC BY 4.0
1095,1120,CC BY 4.0
1096,1121,CC BY 4.0
1097,1122,CC BY 4.0
1098,1123,CC BY 4.0
1099,1124,CC BY 4.0
1100,1125,CC BY 4.0
1101,1126,CC BY 4.0
1102,1127,CC BY 4.0
1103,1128,CC BY 4.0
1104,1129,CC BY 4.0
1105,1130,CC BY 4.0
1106,1131,CC BY 4.0
1107,1132,CC BY 4.0
1108,1133,CC BY 4.0
1109,1134,CC BY 4.0
1110,1136,CC BY 4.0
1111,1137,CC BY 4.0
1112,1138,CC BY 4.0
1113,1139,CC BY 4.0
1114,1140,CC BY 4.0
1115,1141,CC BY 4.0
1116,1142,CC BY 4.0
1117,1143,CC BY 4.0
1118,1144,CC BY 4.0
1119,1145,CC BY 4.0
1120,1146,CC BY 4.0
1121,1147,CC BY 4.0
1122,1148,CC BY 4.0
1123,1149,CC BY 4.0
1124,1150,CC BY 4.0
1125,1151,CC BY 4.0
1126,1152,CC BY 4.0
1127,1153,CC BY 4.0
1128,1154,CC BY 4.0
1129,1155,CC BY 4.0
1130,1156,CC BY 4.0
1131,1157,CC BY 4.0
1132,1158,CC BY 4.0
1133,1159,CC BY 4.0
1134,1160,CC BY 4.0
1135,1162,CC BY 4.0
1136,1164,CC BY 4.0
1137,1165,CC BY 4.0
1138,1166,CC BY 4.0
1139,1167,CC BY 4.0
1140,1168,CC BY 4.0
1141,1169,CC BY 4.0
1142,1170,CC BY 4.0
1143,1171,CC BY 4.0
1144,1172,CC BY 4.0
1145,1173,CC BY 4.0
1146,1174,CC BY 4.0
1147,1175,CC BY 4.0
1148,1176,CC BY 4.0
1149,1177,CC BY 4.0
1150,1178,CC BY 4.0
1151,1179,CC BY 4.0
1152,1180,CC BY 4.0
1153,1181,CC BY 4.0
1154,1182,CC BY 4.0
1155,1183,CC BY 4.0
1156,1184,CC BY 4.0
1157,1185,CC BY 4.0
1158,1186,CC BY 4.0
1159,1187,CC BY 4.0
1160,1188,CC BY 4.0
1161,1189,CC BY 4.0
1162,1190,CC BY 4.0
1163,1191,CC BY 4.0
1164,1192,CC BY 4.0
1165,1193,CC BY 4.0
1166,1194,CC BY 4.0
1167,1195,CC BY 4.0
1168,1196,CC BY 4.0
1169,1197,CC BY 4.0
1170,1198,CC BY 4.0
1171,1199,CC BY 4.0
1172,1200,CC BY 4.0
1173,1201,CC BY 4.0
1174,1202,CC BY 4.0
1175,1203,CC BY 4.0
1176,1204,CC BY 4.0
1177,1205,CC BY 4.0
1178,1206,CC BY 4.0
1179,1207,CC BY 4.0
1180,1208,CC BY 4.0
1181,1209,CC BY 4.0
1182,1210,CC BY 4.0
1183,1211,CC BY 4.0
1184,1212,CC BY 4.0
1185,1213,CC BY 4.0
1186,1214,CC BY 4.0
1187,1215,CC BY 4.0
1188,1216,CC BY 4.0
1189,1217,CC BY 4.0
1190,1218,CC BY 4.0
1191,1219,CC BY 4.0
1192,1220,CC BY 4.0
1193,1221,CC BY 4.0
1194,1222,CC BY 4.0
1195,1223,CC BY 4.0
1196,1224,CC BY 4.0
1197,1225,CC BY 4.0
1198,1226,CC BY 4.0
1199,1227,CC BY 4.0
1200,1228,CC BY 4.0
1201,1229,CC BY 4.0
1202,1230,CC BY 4.0
1203,1231,CC BY 4.0
1204,1232,CC BY 4.0
1205,1233,CC BY 4.0
1206,1234,CC BY 4.0
1207,1235,CC BY 4.0
1208,1236,CC BY 4.0
1209,1237,CC BY 4.0
1210,1238,CC BY 4.0
1211,1239,CC BY 4.0
1212,1240,CC BY 4.0
1213,1241,CC BY 4.0
1214,1242,CC BY 4.0
1215,1243,CC BY 4.0
1216,1244,CC BY 4.0
1217,1245,CC BY 4.0
1218,1246,CC BY 4.0
1219,1247,CC BY 4.0
1220,1248,CC BY 4.0
1221,1249,CC BY 4.0
1222,1250,CC BY 4.0
1223,1251,CC BY 4.0
1224,1252,CC BY 4.0
1225,1253,CC BY 4.0
1226,1255,CC BY 4.0
1227,1256,CC BY 4.0
1228,1258,CC BY 4.0
1229,1259,CC BY 4.0
1230,1260,CC BY 4.0
1231,1261,CC BY 4.0
1232,1262,CC BY 4.0
1233,1263,CC BY 4.0
1234,1264,CC BY 4.0
1235,1265,CC BY 4.0
1236,1266,CC BY 4.0
1237,1267,CC BY 4.0
1238,1268,CC BY 4.0
1239,1269,CC BY 4.0
1240,1270,CC BY 4.0
1241,1271,CC BY 4.0
1242,1272,CC BY 4.0
1243,1273,CC BY 4.0
1244,1274,CC BY 4.0
1245,1275,CC BY 4.0
1246,1276,CC BY 4.0
1247,1277,CC BY 4.0
1248,1278,CC BY 4.0
1249,1279,CC BY 4.0
1250,1280,CC BY 4.0
1251,1281,CC BY 4.0
1252,1282,CC BY 4.0
1253,1283,CC BY 4.0
1254,1284,CC BY 4.0
1255,1285,CC BY 4.0
1256,1286,CC BY 4.0
1257,1287,CC BY 4.0
1258,1288,CC BY 4.0
1259,1289,CC BY 4.0
1260,1290,CC BY 4.0
1261,1291,CC BY 4.0
1262,1292,CC BY 4.0
1263,1293,CC BY 4.0
1264,1294,CC BY 4.0
1265,1295,CC BY 4.0
1266,1296,CC BY 4.0
1267,1297,CC BY 4.0
1268,1298,CC BY 4.0
1269,1299,CC BY 4.0
1270,1300,CC BY 4.0
1271,1301,CC BY 4.0
1272,1302,CC BY 4.0
1273,1303,CC BY 4.0
1274,1304,CC BY 4.0
1275,1305,CC BY 4.0
1276,1306,CC BY 4.0
1277,1307,CC BY 4.0
1278,1308,CC BY 4.0
1279,1309,CC BY 4.0
1280,1310,CC BY 4.0
1281,1311,CC BY 4.0
1282,1312,CC BY 4.0
1283,1313,CC BY 4.0
1284,1314,CC BY 4.0
1285,1315,CC BY 4.0
1286,1316,CC BY 4.0
1287,1317,CC BY 4.0
1288,1318,CC BY 4.0
1289,1319,CC BY 4.0
1290,1320,CC BY 4.0
1291,1321,CC BY 4.0
1292,1322,CC BY 4.0
1293,1323,CC BY 4.0
1294,1324,CC BY 4.0
1295,1325,CC BY 4.0
1296,1326,CC BY 4.0
1297,1327,CC BY 4.0
1298,1328,CC BY 4.0
1299,1329,CC BY 4.0
1300,1330,CC BY 4.0
1301,1331,CC BY 4.0
1302,1332,CC BY 4.0
1303,1333,CC BY 4.0
1304,1334,CC BY 4.0
1305,1335,CC BY 4.0
1306,1336,CC BY 4.0
1307,1337,CC BY 4.0
1308,1338,CC BY 4.0
1309,1339,CC BY 4.0
1310,1340,CC BY 4.0
1311,1341,CC BY 4.0
1312,1342,CC BY 4.0
1313,1343,CC BY 4.0
1314,1344,CC BY 4.0
1315,1345,CC BY 4.0
1316,1346,CC BY 4.0
1317,1347,CC BY 4.0
1318,1348,CC BY 4.0
1319,1349,CC BY 4.0
1320,1350,CC BY 4.0
1321,1351,CC BY 4.0
1322,1352,CC BY 4.0
1323,1353,CC BY 4.0
1324,1354,CC BY 4.0
1325,1355,CC BY 4.0
1326,1356,CC BY 4.0
1327,1357,CC BY 4.0
1328,1358,CC BY 4.0
1329,1359,CC BY 4.0
1330,1360,CC BY 4.0
1331,1361,CC BY 4.0
1332,1362,CC BY 4.0
1333,1363,CC BY 4.0
1334,1364,CC BY 4.0
1335,1365,CC BY 4.0
1336,1366,CC BY 4.0
1337,1367,CC BY 4.0
1338,1368,CC BY 4.0
1339,1369,CC BY 4.0
1340,1370,CC BY 4.0
1341,1371,CC BY 4.0
1342,1372,CC BY 4.0
1343,1373,CC BY 4.0
1344,1374,CC BY 4.0
1345,1375,CC BY 4.0
1346,1376,CC BY 4.0
1347,1377,CC BY 4.0
1348,1378,CC BY 4.0
1349,1379,CC BY 4.0
1350,1380,CC BY 4.0
1351,1381,CC BY 4.0
1352,1382,CC BY 4.0
1353,1383,CC BY 4.0
1354,1384,CC BY 4.0
1355,1385,CC BY 4.0
1356,1386,CC BY 4.0
1357,1387,CC BY 4.0
1358,1388,CC BY 4.0
1359,1389,CC BY 4.0
1360,1390,CC BY 4.0
1361,1391,CC BY 4.0
1362,1392,CC BY 4.0
1363,1393,CC BY 4.0
1364,1394,CC BY 4.0
1365,1395,CC BY 4.0
1366,1396,CC BY 4.0
1367,1397,CC BY 4.0
1368,1398,CC BY 4.0
1369,1399,CC BY 4.0
1370,1400,CC BY 4.0
1371,1401,CC BY 4.0
1372,1402,CC BY 4.0
1373,1403,CC BY 4.0
1374,1404,CC BY 4.0
1375,1405,CC BY 4.0
1376,1406,CC BY 4.0
1377,1407,CC BY 4.0
1378,1408,CC BY 4.0
1379,1409,CC BY 4.0
1380,1410,CC BY 4.0
1381,1411,CC BY 4.0
1382,1412,CC BY 4.0
1383,1413,CC BY 4.0
1384,1414,CC BY 4.0
1385,1415,CC BY 4.0
1386,1416,CC BY 4.0
1387,1417,CC BY 4.0
1388,1418,CC BY 4.0
1389,1419,CC BY 4.0
1390,1420,CC BY 4.0
1391,1421,CC BY 4.0
1392,1422,CC BY 4.0
1393,1423,CC BY 4.0
1394,1424,CC BY 4.0
1395,1425,CC BY 4.0
1396,1426,CC BY 4.0
1397,1427,CC BY 4.0
1398,1428,CC BY 4.0
1399,1429,CC BY 4.0
1400,1430,CC BY 4.0
1401,1431,CC BY 4.0
1402,1432,CC BY 4.0
1403,1433,CC BY 4.0
1404,1434,CC BY 4.0
1405,1435,CC BY 4.0
1406,1436,CC BY 4.0
1407,1437,CC BY 4.0
1408,1438,CC BY 4.0
1409,1439,CC BY 4.0
1410,1440,CC BY 4.0
1411,1441,CC BY 4.0
1412,1442,CC BY 4.0
1413,1443,CC BY 4.0
1414,1444,CC BY 4.0
1415,1445,CC BY 4.0
1416,1446,CC BY 4.0
1417,1447,CC BY 4.0
1418,1448,CC BY 4.0
1419,1449,CC BY 4.0
1420,1450,CC BY 4.0
1421,1451,CC BY 4.0
1422,1452,CC BY 4.0
1423,1453,CC BY 4.0
1424,1454,CC BY 4.0
1425,1455,CC BY 4.0
1426,1456,CC BY 4.0
1427,1457,CC BY 4.0
1428,1458,CC BY 4.0
1429,1459,CC BY 4.0
1430,1460,CC BY 4.0
1431,1461,CC BY 4.0
1432,1462,CC BY 4.0
1433,1463,CC BY 4.0
1434,1464,CC BY 4.0
1435,1465,CC BY 4.0
1436,1466,CC BY 4.0
1437,1467,CC BY 4.0
1438,1468,CC BY 4.0
1439,1469,CC BY 4.0
1440,1470,CC BY 4.0
1441,1471,CC BY 4.0
1442,1472,CC BY 4.0
1443,1473,CC BY 4.0
1444,1474,CC BY 4.0
1445,1475,CC BY 4.0
1446,1476,CC BY 4.0
1447,1477,CC BY 4.0
1448,1478,CC BY 4.0
1449,1479,CC BY 4.0
1450,1480,CC BY 4.0
1451,1481,CC BY 4.0
1452,1482,CC BY 4.0
1453,1483,CC BY 4.0
1454,1484,CC BY 4.0
1455,1485,CC BY 4.0
1456,1486,CC BY 4.0
1457,1487,CC BY 4.0
1458,1488,CC BY 4.0
1459,1489,CC BY 4.0
1460,1490,CC BY 4.0
1461,1491,CC BY 4.0
1462,1492,CC BY 4.0
1463,1493,CC BY 4.0
1464,1494,CC BY 4.0
1465,1495,CC BY 4.0
1466,1496,CC BY 4.0
1467,1497,CC BY 4.0
1468,1498,CC BY 4.0
1469,1499,CC BY 4.0
1470,1500,CC BY 4.0
1471,1501,CC BY 4.0
1472,1502,CC BY 4.0
1473,1503,CC BY 4.0
1474,1504,CC BY 4.0
1475,1505,CC BY 4.0
1476,1506,CC BY 4.0
1477,1507,CC BY 4.0
1478,1508,CC BY 4.0
1479,1509,CC BY 4.0
1480,1510,CC BY 4.0
1481,1511,CC BY 4.0
1482,1512,CC BY 4.0
1483,1513,CC BY 4.0
1484,1514,CC BY 4.0
1485,1515,CC BY 4.0
1486,1516,CC BY 4.0
1487,1517,CC BY 4.0
1488,1518,CC BY 4.0
1489,1519,CC BY 4.0
1490,1520,CC BY 4.0
1491,1521,CC BY 4.0
1492,1522,CC BY 4.0
1493,1523,CC BY 4.0
1494,1524,CC BY 4.0
1495,1525,CC BY 4.0
1496,1526,CC BY 4.0
1497,1527,CC BY 4.0
1498,1528,CC BY 4.0
1499,1529,CC BY 4.0
1500,1530,CC BY 4.0
1501,1531,CC BY 4.0
1502,1532,CC BY 4.0
1503,1533,CC BY 4.0
1504,1534,CC BY 4.0
1505,1535,CC BY 4.0
1506,1536,CC BY 4.0
1507,1537,CC BY 4.0
1508,1538,CC BY 4.0
1509,1539,CC BY 4.0
1510,1540,CC BY 4.0
1511,1541,CC BY 4.0
1512,1542,CC BY 4.0
1513,1543,CC BY 4.0
1514,1544,CC BY 4.0
1515,1545,CC BY 4.0
1516,1546,CC BY 4.0
1517,1547,CC BY 4.0
